team,player_name,skill,evaluation_code,touch_number
ITAS TRENTINO,Dayana Kosareva,Serve,-,0.0
FUTURA GIOVANI BUSTO ARSIZIO,Bianca Orlandi,Reception,+,1.0
FUTURA GIOVANI BUSTO ARSIZIO,Sofia Monza,Set,#,2.0
FUTURA GIOVANI BUSTO ARSIZIO,Alyssa Enneking,Attack,+,3.0
ITAS TRENTINO,Giulia Marconato,Block,-,0.0
ITAS TRENTINO,Silvia Fiori,Dig,-,1.0
ITAS TRENTINO,Vittoria Prandi,Set,#,2.0
ITAS TRENTINO,Dominika Giuliani,Attack,-,3.0
FUTURA GIOVANI BUSTO ARSIZIO,Sofia Rebora,Block,+,0.0
FUTURA GIOVANI BUSTO ARSIZIO,Giada Cecchetto,Dig,+,1.0
FUTURA GIOVANI BUSTO ARSIZIO,Sofia Monza,Set,#,2.0
FUTURA GIOVANI BUSTO ARSIZIO,Bianca Orlandi,Attack,=,3.0
ITAS TRENTINO,Dayana Kosareva,Serve,-,0.0
FUTURA GIOVANI BUSTO ARSIZIO,Giada Cecchetto,Reception,+,1.0
FUTURA GIOVANI BUSTO ARSIZIO,Sofia Monza,Set,#,2.0
FUTURA GIOVANI BUSTO ARSIZIO,Sofia Rebora,Attack,=,3.0
ITAS TRENTINO,Dayana Kosareva,Serve,/,0.0
FUTURA GIOVANI BUSTO ARSIZIO,Giada Cecchetto,Reception,/,1.0
ITAS TRENTINO,Silvia Fiori,Freeball,+,1.0
ITAS TRENTINO,Vittoria Prandi,Set,#,2.0
ITAS TRENTINO,Emilia Weske,Attack,#,3.0
FUTURA GIOVANI BUSTO ARSIZIO,Alyssa Enneking,Block,=,0.0
ITAS TRENTINO,Dayana Kosareva,Serve,-,0.0
FUTURA GIOVANI BUSTO ARSIZIO,Bianca Orlandi,Reception,#,1.0
FUTURA GIOVANI BUSTO ARSIZIO,Sofia Monza,Set,#,2.0
FUTURA GIOVANI BUSTO ARSIZIO,Alyssa Enneking,Attack,#,3.0
FUTURA GIOVANI BUSTO ARSIZIO,Sofia Rebora,Serve,=,0.0
ITAS TRENTINO,Giulia Marconato,Serve,-,0.0
FUTURA GIOVANI BUSTO ARSIZIO,Giada Cecchetto,Reception,#,1.0
FUTURA GIOVANI BUSTO ARSIZIO,Sofia Monza,Set,#,2.0
FUTURA GIOVANI BUSTO ARSIZIO,Fatim Yassimina Kone,Attack,-,3.0
ITAS TRENTINO,Vittoria Prandi,Dig,+,1.0
ITAS TRENTINO,Dayana Kosareva,Set,#,2.0
ITAS TRENTINO,Dominika Giuliani,Attack,#,3.0
ITAS TRENTINO,Giulia Marconato,Serve,-,0.0
FUTURA GIOVANI BUSTO ARSIZIO,Giada Cecchetto,Reception,#,1.0
FUTURA GIOVANI BUSTO ARSIZIO,Sofia Monza,Set,#,2.0
FUTURA GIOVANI BUSTO ARSIZIO,Elisa Zanette,Attack,+,3.0
ITAS TRENTINO,Dayana Kosareva,Dig,-,1.0
ITAS TRENTINO,Giulia Marconato,Set,#,2.0
ITAS TRENTINO,Emilia Weske,Attack,/,3.0
FUTURA GIOVANI BUSTO ARSIZIO,Alyssa Enneking,Block,#,0.0
FUTURA GIOVANI BUSTO ARSIZIO,Sofia Monza,Serve,-,0.0
ITAS TRENTINO,Dayana Kosareva,Reception,+,1.0
ITAS TRENTINO,Vittoria Prandi,Set,#,2.0
ITAS TRENTINO,Emilia Weske,Attack,/,3.0
FUTURA GIOVANI BUSTO ARSIZIO,Alyssa Enneking,Block,#,0.0
FUTURA GIOVANI BUSTO ARSIZIO,Sofia Monza,Serve,-,0.0
ITAS TRENTINO,Dayana Kosareva,Reception,#,1.0
ITAS TRENTINO,Vittoria Prandi,Set,#,2.0
ITAS TRENTINO,Beatrice Molinaro,Attack,+,3.0
FUTURA GIOVANI BUSTO ARSIZIO,Giada Cecchetto,Dig,-,1.0
FUTURA GIOVANI BUSTO ARSIZIO,Sofia Monza,Set,#,2.0
FUTURA GIOVANI BUSTO ARSIZIO,Alyssa Enneking,Attack,-,3.0
ITAS TRENTINO,Dayana Kosareva,Dig,+,1.0
ITAS TRENTINO,Dominika Giuliani,Attack,!,3.0
FUTURA GIOVANI BUSTO ARSIZIO,Elisa Zanette,Block,!,0.0
ITAS TRENTINO,Dominika Giuliani,Dig,!,1.0
ITAS TRENTINO,Vittoria Prandi,Set,#,2.0
ITAS TRENTINO,Emilia Weske,Attack,=,3.0
FUTURA GIOVANI BUSTO ARSIZIO,Sofia Monza,Serve,-,0.0
ITAS TRENTINO,Dominika Giuliani,Reception,+,1.0
ITAS TRENTINO,Vittoria Prandi,Set,#,2.0
ITAS TRENTINO,Dominika Giuliani,Attack,+,3.0
FUTURA GIOVANI BUSTO ARSIZIO,Giada Cecchetto,Dig,-,1.0
FUTURA GIOVANI BUSTO ARSIZIO,Sofia Monza,Set,#,2.0
FUTURA GIOVANI BUSTO ARSIZIO,Alyssa Enneking,Attack,-,3.0
ITAS TRENTINO,Vittoria Prandi,Dig,+,1.0
ITAS TRENTINO,Silvia Fiori,Set,#,2.0
ITAS TRENTINO,Dominika Giuliani,Attack,-,3.0
FUTURA GIOVANI BUSTO ARSIZIO,Elisa Zanette,Block,+,0.0
FUTURA GIOVANI BUSTO ARSIZIO,Fatim Yassimina Kone,Dig,+,1.0
FUTURA GIOVANI BUSTO ARSIZIO,Giada Cecchetto,Set,#,2.0
FUTURA GIOVANI BUSTO ARSIZIO,Alyssa Enneking,Attack,#,3.0
FUTURA GIOVANI BUSTO ARSIZIO,Sofia Monza,Serve,!,0.0
ITAS TRENTINO,Dominika Giuliani,Reception,!,1.0
ITAS TRENTINO,Vittoria Prandi,Set,#,2.0
ITAS TRENTINO,Emilia Weske,Attack,#,3.0
ITAS TRENTINO,Emilia Weske,Serve,=,0.0
FUTURA GIOVANI BUSTO ARSIZIO,Alyssa Enneking,Serve,-,0.0
ITAS TRENTINO,Dominika Giuliani,Reception,+,1.0
ITAS TRENTINO,Vittoria Prandi,Set,#,2.0
ITAS TRENTINO,Emilia Weske,Attack,!,3.0
FUTURA GIOVANI BUSTO ARSIZIO,Fatim Yassimina Kone,Block,!,0.0
FUTURA GIOVANI BUSTO ARSIZIO,Fatim Yassimina Kone,Attack,!,3.0
ITAS TRENTINO,Dayana Kosareva,Dig,/,1.0
FUTURA GIOVANI BUSTO ARSIZIO,Fatim Yassimina Kone,Freeball,+,1.0
FUTURA GIOVANI BUSTO ARSIZIO,Sofia Monza,Set,-,2.0
ITAS TRENTINO,Emilia Weske,Freeball,+,1.0
ITAS TRENTINO,Vittoria Prandi,Attack,#,3.0
ITAS TRENTINO,Dominika Giuliani,Serve,+,0.0
FUTURA GIOVANI BUSTO ARSIZIO,Alyssa Enneking,Reception,-,1.0
FUTURA GIOVANI BUSTO ARSIZIO,Sofia Monza,Set,#,2.0
FUTURA GIOVANI BUSTO ARSIZIO,Elisa Zanette,Attack,=,3.0
ITAS TRENTINO,Dominika Giuliani,Serve,+,0.0
FUTURA GIOVANI BUSTO ARSIZIO,Alyssa Enneking,Reception,-,1.0
FUTURA GIOVANI BUSTO ARSIZIO,Sofia Monza,Set,#,2.0
FUTURA GIOVANI BUSTO ARSIZIO,Elisa Zanette,Attack,#,3.0
FUTURA GIOVANI BUSTO ARSIZIO,Fatim Yassimina Kone,Serve,-,0.0
ITAS TRENTINO,Dominika Giuliani,Reception,#,1.0
ITAS TRENTINO,Vittoria Prandi,Set,#,2.0
ITAS TRENTINO,Beatrice Molinaro,Attack,#,3.0
ITAS TRENTINO,Beatrice Molinaro,Serve,=,0.0
FUTURA GIOVANI BUSTO ARSIZIO,Elisa Zanette,Serve,!,0.0
ITAS TRENTINO,Dayana Kosareva,Reception,!,1.0
ITAS TRENTINO,Vittoria Prandi,Set,#,2.0
ITAS TRENTINO,Dayana Kosareva,Attack,#,3.0
FUTURA GIOVANI BUSTO ARSIZIO,Sofia Rebora,Block,=,0.0
ITAS TRENTINO,Vittoria Prandi,Serve,!,0.0
FUTURA GIOVANI BUSTO ARSIZIO,Giada Cecchetto,Reception,!,1.0
FUTURA GIOVANI BUSTO ARSIZIO,Sofia Monza,Set,#,2.0
FUTURA GIOVANI BUSTO ARSIZIO,Bianca Orlandi,Attack,-,3.0
ITAS TRENTINO,Giulia Marconato,Block,+,0.0
ITAS TRENTINO,Dayana Kosareva,Dig,+,1.0
ITAS TRENTINO,Vittoria Prandi,Set,#,2.0
ITAS TRENTINO,Emilia Weske,Attack,#,3.0
FUTURA GIOVANI BUSTO ARSIZIO,Alyssa Enneking,Dig,=,1.0
ITAS TRENTINO,Vittoria Prandi,Serve,!,0.0
FUTURA GIOVANI BUSTO ARSIZIO,Alyssa Enneking,Reception,!,1.0
FUTURA GIOVANI BUSTO ARSIZIO,Sofia Monza,Set,#,2.0
FUTURA GIOVANI BUSTO ARSIZIO,Elisa Zanette,Attack,!,3.0
ITAS TRENTINO,Giulia Marconato,Block,!,0.0
FUTURA GIOVANI BUSTO ARSIZIO,Elisa Zanette,Dig,!,1.0
FUTURA GIOVANI BUSTO ARSIZIO,Sofia Monza,Set,#,2.0
FUTURA GIOVANI BUSTO ARSIZIO,Bianca Orlandi,Attack,!,3.0
ITAS TRENTINO,Emilia Weske,Block,!,0.0
FUTURA GIOVANI BUSTO ARSIZIO,Giada Cecchetto,Dig,!,1.0
ITAS TRENTINO,Emilia Weske,Attack,/,3.0
FUTURA GIOVANI BUSTO ARSIZIO,Sofia Rebora,Block,#,0.0
ITAS TRENTINO,Silvia Fiori,Dig,=,1.0
FUTURA GIOVANI BUSTO ARSIZIO,Bianca Orlandi,Serve,+,0.0
ITAS TRENTINO,Dayana Kosareva,Reception,-,1.0
ITAS TRENTINO,Vittoria Prandi,Set,#,2.0
ITAS TRENTINO,Dayana Kosareva,Attack,-,3.0
FUTURA GIOVANI BUSTO ARSIZIO,Sofia Rebora,Block,+,0.0
FUTURA GIOVANI BUSTO ARSIZIO,Giada Cecchetto,Dig,+,1.0
FUTURA GIOVANI BUSTO ARSIZIO,Sofia Monza,Set,#,2.0
FUTURA GIOVANI BUSTO ARSIZIO,Elisa Zanette,Attack,-,3.0
ITAS TRENTINO,Dayana Kosareva,Block,+,0.0
ITAS TRENTINO,Silvia Fiori,Dig,+,1.0
ITAS TRENTINO,Vittoria Prandi,Set,#,2.0
ITAS TRENTINO,Emilia Weske,Attack,!,3.0
FUTURA GIOVANI BUSTO ARSIZIO,Giada Cecchetto,Dig,/,1.0
FUTURA GIOVANI BUSTO ARSIZIO,Bianca Orlandi,Set,#,2.0
ITAS TRENTINO,Dominika Giuliani,Freeball,+,1.0
ITAS TRENTINO,Vittoria Prandi,Set,#,2.0
ITAS TRENTINO,Dayana Kosareva,Attack,-,3.0
FUTURA GIOVANI BUSTO ARSIZIO,Sofia Monza,Block,+,0.0
FUTURA GIOVANI BUSTO ARSIZIO,Aurora Del Freo,Dig,+,1.0
FUTURA GIOVANI BUSTO ARSIZIO,Sofia Monza,Set,#,2.0
FUTURA GIOVANI BUSTO ARSIZIO,Alyssa Enneking,Attack,/,3.0
ITAS TRENTINO,Giulia Marconato,Block,#,0.0
ITAS TRENTINO,Dayana Kosareva,Serve,!,0.0
FUTURA GIOVANI BUSTO ARSIZIO,Alyssa Enneking,Reception,!,1.0
FUTURA GIOVANI BUSTO ARSIZIO,Sofia Monza,Set,#,2.0
FUTURA GIOVANI BUSTO ARSIZIO,Alyssa Enneking,Attack,#,3.0
FUTURA GIOVANI BUSTO ARSIZIO,Sofia Rebora,Serve,#,0.0
ITAS TRENTINO,Silvia Fiori,Reception,=,1.0
FUTURA GIOVANI BUSTO ARSIZIO,Sofia Rebora,Serve,!,0.0
ITAS TRENTINO,Dominika Giuliani,Reception,!,1.0
ITAS TRENTINO,Vittoria Prandi,Set,#,2.0
ITAS TRENTINO,Dominika Giuliani,Attack,!,3.0
FUTURA GIOVANI BUSTO ARSIZIO,Fatim Yassimina Kone,Block,!,0.0
FUTURA GIOVANI BUSTO ARSIZIO,Sofia Rebora,Dig,-,1.0
ITAS TRENTINO,Silvia Fiori,Freeball,+,1.0
ITAS TRENTINO,Vittoria Prandi,Set,#,2.0
ITAS TRENTINO,Giulia Marconato,Attack,#,3.0
FUTURA GIOVANI BUSTO ARSIZIO,Fatim Yassimina Kone,Block,=,0.0
ITAS TRENTINO,Giulia Marconato,Serve,!,0.0
FUTURA GIOVANI BUSTO ARSIZIO,Giada Cecchetto,Reception,!,1.0
FUTURA GIOVANI BUSTO ARSIZIO,Sofia Monza,Set,#,2.0
FUTURA GIOVANI BUSTO ARSIZIO,Fatim Yassimina Kone,Attack,!,3.0
ITAS TRENTINO,Beatrice Molinaro,Block,!,0.0
FUTURA GIOVANI BUSTO ARSIZIO,Fatim Yassimina Kone,Dig,!,1.0
FUTURA GIOVANI BUSTO ARSIZIO,Sofia Monza,Set,#,2.0
FUTURA GIOVANI BUSTO ARSIZIO,Alyssa Enneking,Attack,#,3.0
ITAS TRENTINO,Beatrice Molinaro,Block,=,0.0
FUTURA GIOVANI BUSTO ARSIZIO,Sofia Monza,Serve,-,0.0
ITAS TRENTINO,Dominika Giuliani,Reception,#,1.0
ITAS TRENTINO,Vittoria Prandi,Set,#,2.0
ITAS TRENTINO,Emilia Weske,Attack,#,3.0
FUTURA GIOVANI BUSTO ARSIZIO,Alyssa Enneking,Block,=,0.0
ITAS TRENTINO,Emilia Weske,Serve,-,0.0
FUTURA GIOVANI BUSTO ARSIZIO,Giada Cecchetto,Reception,+,1.0
FUTURA GIOVANI BUSTO ARSIZIO,Sofia Monza,Set,#,2.0
FUTURA GIOVANI BUSTO ARSIZIO,Fatim Yassimina Kone,Attack,#,3.0
ITAS TRENTINO,Dayana Kosareva,Dig,=,1.0
FUTURA GIOVANI BUSTO ARSIZIO,Alyssa Enneking,Serve,!,0.0
ITAS TRENTINO,Dominika Giuliani,Reception,!,1.0
ITAS TRENTINO,Vittoria Prandi,Set,#,2.0
ITAS TRENTINO,Beatrice Molinaro,Attack,-,3.0
FUTURA GIOVANI BUSTO ARSIZIO,Alyssa Enneking,Dig,+,1.0
FUTURA GIOVANI BUSTO ARSIZIO,Sofia Monza,Set,#,2.0
FUTURA GIOVANI BUSTO ARSIZIO,Elisa Zanette,Attack,#,3.0
ITAS TRENTINO,Dominika Giuliani,Block,=,0.0
FUTURA GIOVANI BUSTO ARSIZIO,Alyssa Enneking,Serve,-,0.0
ITAS TRENTINO,Dayana Kosareva,Reception,+,1.0
ITAS TRENTINO,Vittoria Prandi,Set,#,2.0
ITAS TRENTINO,Beatrice Molinaro,Attack,#,3.0
ITAS TRENTINO,Dominika Giuliani,Serve,!,0.0
FUTURA GIOVANI BUSTO ARSIZIO,Alyssa Enneking,Reception,!,1.0
FUTURA GIOVANI BUSTO ARSIZIO,Sofia Monza,Set,#,2.0
FUTURA GIOVANI BUSTO ARSIZIO,Elisa Zanette,Attack,+,3.0
ITAS TRENTINO,Dominika Giuliani,Dig,-,1.0
ITAS TRENTINO,Silvia Fiori,Set,#,2.0
ITAS TRENTINO,Emilia Weske,Attack,-,3.0
FUTURA GIOVANI BUSTO ARSIZIO,Alyssa Enneking,Dig,+,1.0
FUTURA GIOVANI BUSTO ARSIZIO,Sofia Monza,Set,#,2.0
FUTURA GIOVANI BUSTO ARSIZIO,Bianca Orlandi,Attack,-,3.0
ITAS TRENTINO,Vittoria Prandi,Block,+,0.0
ITAS TRENTINO,Dayana Kosareva,Dig,+,1.0
ITAS TRENTINO,Vittoria Prandi,Set,#,2.0
ITAS TRENTINO,Dominika Giuliani,Attack,-,3.0
FUTURA GIOVANI BUSTO ARSIZIO,Fatim Yassimina Kone,Block,+,0.0
FUTURA GIOVANI BUSTO ARSIZIO,Alyssa Enneking,Dig,+,1.0
FUTURA GIOVANI BUSTO ARSIZIO,Sofia Monza,Set,#,2.0
FUTURA GIOVANI BUSTO ARSIZIO,Fatim Yassimina Kone,Attack,!,3.0
ITAS TRENTINO,Beatrice Molinaro,Block,!,0.0
FUTURA GIOVANI BUSTO ARSIZIO,Alyssa Enneking,Dig,!,1.0
FUTURA GIOVANI BUSTO ARSIZIO,Giada Cecchetto,Set,#,2.0
FUTURA GIOVANI BUSTO ARSIZIO,Elisa Zanette,Attack,-,3.0
ITAS TRENTINO,Dayana Kosareva,Block,+,0.0
ITAS TRENTINO,Silvia Fiori,Dig,-,1.0
ITAS TRENTINO,Vittoria Prandi,Set,#,2.0
ITAS TRENTINO,Dominika Giuliani,Attack,+,3.0
FUTURA GIOVANI BUSTO ARSIZIO,Bianca Orlandi,Dig,-,1.0
FUTURA GIOVANI BUSTO ARSIZIO,Sofia Monza,Set,-,2.0
FUTURA GIOVANI BUSTO ARSIZIO,Elisa Zanette,Freeball,=,1.0
ITAS TRENTINO,Dominika Giuliani,Serve,-,0.0
FUTURA GIOVANI BUSTO ARSIZIO,Alyssa Enneking,Reception,+,1.0
FUTURA GIOVANI BUSTO ARSIZIO,Sofia Monza,Set,#,2.0
FUTURA GIOVANI BUSTO ARSIZIO,Alyssa Enneking,Attack,+,3.0
ITAS TRENTINO,Silvia Fiori,Dig,-,1.0
ITAS TRENTINO,Beatrice Molinaro,Set,#,2.0
ITAS TRENTINO,Dayana Kosareva,Attack,+,3.0
FUTURA GIOVANI BUSTO ARSIZIO,Fatim Yassimina Kone,Block,-,0.0
FUTURA GIOVANI BUSTO ARSIZIO,Alyssa Enneking,Dig,-,1.0
FUTURA GIOVANI BUSTO ARSIZIO,Sofia Monza,Set,#,2.0
FUTURA GIOVANI BUSTO ARSIZIO,Bianca Orlandi,Attack,=,3.0
ITAS TRENTINO,Dominika Giuliani,Serve,!,0.0
FUTURA GIOVANI BUSTO ARSIZIO,Alyssa Enneking,Reception,!,1.0
FUTURA GIOVANI BUSTO ARSIZIO,Sofia Monza,Set,#,2.0
FUTURA GIOVANI BUSTO ARSIZIO,Bianca Orlandi,Attack,#,3.0
ITAS TRENTINO,Beatrice Molinaro,Block,=,0.0
FUTURA GIOVANI BUSTO ARSIZIO,Fatim Yassimina Kone,Serve,-,0.0
ITAS TRENTINO,Silvia Fiori,Reception,+,1.0
ITAS TRENTINO,Vittoria Prandi,Set,#,2.0
ITAS TRENTINO,Dayana Kosareva,Attack,#,3.0
FUTURA GIOVANI BUSTO ARSIZIO,Elisa Zanette,Block,=,0.0
ITAS TRENTINO,Beatrice Molinaro,Serve,!,0.0
FUTURA GIOVANI BUSTO ARSIZIO,Aurora Del Freo,Reception,!,1.0
FUTURA GIOVANI BUSTO ARSIZIO,Sofia Monza,Set,#,2.0
FUTURA GIOVANI BUSTO ARSIZIO,Bianca Orlandi,Attack,!,3.0
ITAS TRENTINO,Vittoria Prandi,Dig,/,1.0
ITAS TRENTINO,Beatrice Molinaro,Set,#,2.0
ITAS TRENTINO,Emilia Weske,Attack,-,3.0
FUTURA GIOVANI BUSTO ARSIZIO,Alyssa Enneking,Dig,+,1.0
FUTURA GIOVANI BUSTO ARSIZIO,Sofia Monza,Set,#,2.0
FUTURA GIOVANI BUSTO ARSIZIO,Bianca Orlandi,Attack,#,3.0
ITAS TRENTINO,Giulia Marconato,Block,=,0.0
FUTURA GIOVANI BUSTO ARSIZIO,Elisa Zanette,Serve,-,0.0
ITAS TRENTINO,Dominika Giuliani,Reception,+,1.0
ITAS TRENTINO,Vittoria Prandi,Set,+,2.0
ITAS TRENTINO,Vittoria Prandi,Attack,#,3.0
ITAS TRENTINO,Vittoria Prandi,Serve,-,0.0
FUTURA GIOVANI BUSTO ARSIZIO,Giada Cecchetto,Reception,#,1.0
FUTURA GIOVANI BUSTO ARSIZIO,Sofia Monza,Set,#,2.0
FUTURA GIOVANI BUSTO ARSIZIO,Sofia Rebora,Attack,#,3.0
ITAS TRENTINO,Silvia Fiori,Dig,=,1.0
FUTURA GIOVANI BUSTO ARSIZIO,Bianca Orlandi,Serve,!,0.0
ITAS TRENTINO,Dominika Giuliani,Reception,!,1.0
ITAS TRENTINO,Vittoria Prandi,Set,#,2.0
ITAS TRENTINO,Emilia Weske,Attack,/,3.0
FUTURA GIOVANI BUSTO ARSIZIO,Alyssa Enneking,Block,#,0.0
FUTURA GIOVANI BUSTO ARSIZIO,Bianca Orlandi,Serve,-,0.0
ITAS TRENTINO,Dayana Kosareva,Reception,+,1.0
ITAS TRENTINO,Vittoria Prandi,Set,#,2.0
ITAS TRENTINO,Dayana Kosareva,Attack,#,3.0
FUTURA GIOVANI BUSTO ARSIZIO,Sofia Rebora,Block,=,0.0
ITAS TRENTINO,Dayana Kosareva,Serve,-,0.0
FUTURA GIOVANI BUSTO ARSIZIO,Giada Cecchetto,Reception,#,1.0
FUTURA GIOVANI BUSTO ARSIZIO,Sofia Monza,Set,#,2.0
FUTURA GIOVANI BUSTO ARSIZIO,Elisa Zanette,Attack,!,3.0
ITAS TRENTINO,Vittoria Prandi,Dig,/,1.0
FUTURA GIOVANI BUSTO ARSIZIO,Giada Cecchetto,Freeball,+,1.0
FUTURA GIOVANI BUSTO ARSIZIO,Sofia Monza,Set,#,2.0
FUTURA GIOVANI BUSTO ARSIZIO,Elisa Zanette,Attack,#,3.0
ITAS TRENTINO,Vittoria Prandi,Dig,=,1.0
FUTURA GIOVANI BUSTO ARSIZIO,Sofia Rebora,Serve,+,0.0
ITAS TRENTINO,Dominika Giuliani,Reception,-,1.0
ITAS TRENTINO,Dayana Kosareva,Set,=,2.0
FUTURA GIOVANI BUSTO ARSIZIO,Sofia Rebora,Serve,!,0.0
ITAS TRENTINO,Dayana Kosareva,Reception,!,1.0
ITAS TRENTINO,Vittoria Prandi,Set,#,2.0
ITAS TRENTINO,Dominika Giuliani,Attack,#,3.0
ITAS TRENTINO,Giulia Marconato,Serve,-,0.0
FUTURA GIOVANI BUSTO ARSIZIO,Giada Cecchetto,Reception,#,1.0
FUTURA GIOVANI BUSTO ARSIZIO,Sofia Monza,Set,#,2.0
FUTURA GIOVANI BUSTO ARSIZIO,Alyssa Enneking,Attack,!,3.0
ITAS TRENTINO,Emilia Weske,Block,!,0.0
FUTURA GIOVANI BUSTO ARSIZIO,Sofia Monza,Dig,!,1.0
FUTURA GIOVANI BUSTO ARSIZIO,Giada Cecchetto,Set,#,2.0
FUTURA GIOVANI BUSTO ARSIZIO,Alyssa Enneking,Attack,+,3.0
ITAS TRENTINO,Dayana Kosareva,Dig,-,1.0
ITAS TRENTINO,Vittoria Prandi,Set,#,2.0
ITAS TRENTINO,Dominika Giuliani,Attack,#,3.0
FUTURA GIOVANI BUSTO ARSIZIO,Sofia Monza,Block,=,0.0
ITAS TRENTINO,Giulia Marconato,Serve,-,0.0
FUTURA GIOVANI BUSTO ARSIZIO,Giada Cecchetto,Reception,+,1.0
FUTURA GIOVANI BUSTO ARSIZIO,Sofia Monza,Set,#,2.0
FUTURA GIOVANI BUSTO ARSIZIO,Alyssa Enneking,Attack,#,3.0
FUTURA GIOVANI BUSTO ARSIZIO,Sofia Monza,Serve,-,0.0
ITAS TRENTINO,Dominika Giuliani,Reception,+,1.0
ITAS TRENTINO,Vittoria Prandi,Set,#,2.0
ITAS TRENTINO,Emilia Weske,Attack,#,3.0
FUTURA GIOVANI BUSTO ARSIZIO,Bianca Orlandi,Dig,=,1.0
ITAS TRENTINO,Virginia Ristori,Serve,!,0.0
FUTURA GIOVANI BUSTO ARSIZIO,Alyssa Enneking,Reception,!,1.0
FUTURA GIOVANI BUSTO ARSIZIO,Sofia Monza,Set,#,2.0
FUTURA GIOVANI BUSTO ARSIZIO,Elisa Zanette,Attack,/,3.0
ITAS TRENTINO,Vittoria Prandi,Block,#,0.0
FUTURA GIOVANI BUSTO ARSIZIO,Elisa Zanette,Dig,=,1.0
ITAS TRENTINO,Virginia Ristori,Serve,-,0.0
FUTURA GIOVANI BUSTO ARSIZIO,Giada Cecchetto,Reception,+,1.0
FUTURA GIOVANI BUSTO ARSIZIO,Sofia Monza,Set,#,2.0
FUTURA GIOVANI BUSTO ARSIZIO,Fatim Yassimina Kone,Attack,-,3.0
ITAS TRENTINO,Beatrice Molinaro,Block,+,0.0
ITAS TRENTINO,Vittoria Prandi,Dig,-,1.0
ITAS TRENTINO,Dominika Giuliani,Set,#,2.0
ITAS TRENTINO,Dayana Kosareva,Attack,#,3.0
FUTURA GIOVANI BUSTO ARSIZIO,Alyssa Enneking,Block,=,0.0
FUTURA GIOVANI BUSTO ARSIZIO,Bianca Orlandi,Serve,-,0.0
ITAS TRENTINO,Dayana Kosareva,Reception,#,1.0
ITAS TRENTINO,Vittoria Prandi,Set,#,2.0
ITAS TRENTINO,Giulia Marconato,Attack,!,3.0
FUTURA GIOVANI BUSTO ARSIZIO,Sofia Rebora,Block,!,0.0
ITAS TRENTINO,Silvia Fiori,Dig,!,1.0
ITAS TRENTINO,Vittoria Prandi,Set,#,2.0
ITAS TRENTINO,Emilia Weske,Attack,-,3.0
FUTURA GIOVANI BUSTO ARSIZIO,Sofia Monza,Dig,+,1.0
FUTURA GIOVANI BUSTO ARSIZIO,Giada Cecchetto,Set,#,2.0
FUTURA GIOVANI BUSTO ARSIZIO,Elisa Zanette,Attack,-,3.0
ITAS TRENTINO,Giulia Marconato,Block,+,0.0
ITAS TRENTINO,Vittoria Prandi,Dig,+,1.0
ITAS TRENTINO,Silvia Fiori,Set,#,2.0
ITAS TRENTINO,Emilia Weske,Attack,#,3.0
FUTURA GIOVANI BUSTO ARSIZIO,Alyssa Enneking,Block,=,0.0
FUTURA GIOVANI BUSTO ARSIZIO,Bianca Orlandi,Dig,=,1.0
ITAS TRENTINO,Dayana Kosareva,Serve,-,0.0
FUTURA GIOVANI BUSTO ARSIZIO,Bianca Orlandi,Reception,#,1.0
FUTURA GIOVANI BUSTO ARSIZIO,Sofia Monza,Set,#,2.0
FUTURA GIOVANI BUSTO ARSIZIO,Sofia Rebora,Attack,-,3.0
ITAS TRENTINO,Dominika Giuliani,Block,+,0.0
ITAS TRENTINO,Giulia Marconato,Dig,-,1.0
ITAS TRENTINO,Vittoria Prandi,Set,#,2.0
ITAS TRENTINO,Dayana Kosareva,Attack,-,3.0
FUTURA GIOVANI BUSTO ARSIZIO,Bianca Orlandi,Dig,+,1.0
FUTURA GIOVANI BUSTO ARSIZIO,Sofia Rebora,Attack,-,3.0
ITAS TRENTINO,Vittoria Prandi,Dig,+,1.0
ITAS TRENTINO,Dayana Kosareva,Set,#,2.0
ITAS TRENTINO,Dominika Giuliani,Attack,-,3.0
FUTURA GIOVANI BUSTO ARSIZIO,Giada Cecchetto,Dig,+,1.0
FUTURA GIOVANI BUSTO ARSIZIO,Sofia Monza,Set,#,2.0
FUTURA GIOVANI BUSTO ARSIZIO,Alyssa Enneking,Attack,-,3.0
ITAS TRENTINO,Emilia Weske,Block,+,0.0
ITAS TRENTINO,Vittoria Prandi,Dig,+,1.0
ITAS TRENTINO,Dayana Kosareva,Set,#,2.0
ITAS TRENTINO,Dominika Giuliani,Attack,/,3.0
FUTURA GIOVANI BUSTO ARSIZIO,Sofia Monza,Block,#,0.0
FUTURA GIOVANI BUSTO ARSIZIO,Sofia Rebora,Serve,=,0.0
ITAS TRENTINO,Giulia Marconato,Serve,/,0.0
FUTURA GIOVANI BUSTO ARSIZIO,Bianca Orlandi,Reception,/,1.0
ITAS TRENTINO,Beatrice Molinaro,Attack,#,3.0
ITAS TRENTINO,Giulia Marconato,Serve,-,0.0
FUTURA GIOVANI BUSTO ARSIZIO,Bianca Orlandi,Reception,#,1.0
FUTURA GIOVANI BUSTO ARSIZIO,Sofia Monza,Set,#,2.0
FUTURA GIOVANI BUSTO ARSIZIO,Alyssa Enneking,Attack,-,3.0
ITAS TRENTINO,Giulia Marconato,Dig,+,1.0
ITAS TRENTINO,Vittoria Prandi,Set,#,2.0
ITAS TRENTINO,Dominika Giuliani,Attack,#,3.0
FUTURA GIOVANI BUSTO ARSIZIO,Fatim Yassimina Kone,Block,=,0.0
ITAS TRENTINO,Giulia Marconato,Serve,+,0.0
FUTURA GIOVANI BUSTO ARSIZIO,Giada Cecchetto,Reception,-,1.0
FUTURA GIOVANI BUSTO ARSIZIO,Sofia Monza,Set,-,2.0
FUTURA GIOVANI BUSTO ARSIZIO,Fatim Yassimina Kone,Attack,-,3.0
ITAS TRENTINO,Emilia Weske,Freeball,+,1.0
ITAS TRENTINO,Vittoria Prandi,Set,#,2.0
ITAS TRENTINO,Emilia Weske,Attack,-,3.0
FUTURA GIOVANI BUSTO ARSIZIO,Alyssa Enneking,Block,+,0.0
FUTURA GIOVANI BUSTO ARSIZIO,Alyssa Enneking,Dig,+,1.0
FUTURA GIOVANI BUSTO ARSIZIO,Sofia Monza,Set,#,2.0
FUTURA GIOVANI BUSTO ARSIZIO,Alyssa Enneking,Attack,/,3.0
ITAS TRENTINO,Emilia Weske,Block,#,0.0
FUTURA GIOVANI BUSTO ARSIZIO,Sofia Monza,Dig,=,1.0
ITAS TRENTINO,Giulia Marconato,Serve,/,0.0
FUTURA GIOVANI BUSTO ARSIZIO,Giada Cecchetto,Reception,/,1.0
ITAS TRENTINO,Dominika Giuliani,Attack,!,3.0
FUTURA GIOVANI BUSTO ARSIZIO,Sofia Monza,Block,!,0.0
ITAS TRENTINO,Beatrice Molinaro,Dig,!,1.0
ITAS TRENTINO,Vittoria Prandi,Set,#,2.0
ITAS TRENTINO,Dominika Giuliani,Attack,+,3.0
FUTURA GIOVANI BUSTO ARSIZIO,Sofia Monza,Block,-,0.0
FUTURA GIOVANI BUSTO ARSIZIO,Elisa Zanette,Dig,+,1.0
FUTURA GIOVANI BUSTO ARSIZIO,Sofia Monza,Set,#,2.0
FUTURA GIOVANI BUSTO ARSIZIO,Alyssa Enneking,Attack,#,3.0
FUTURA GIOVANI BUSTO ARSIZIO,Sofia Monza,Serve,!,0.0
ITAS TRENTINO,Dominika Giuliani,Reception,!,1.0
ITAS TRENTINO,Vittoria Prandi,Set,#,2.0
ITAS TRENTINO,Emilia Weske,Attack,!,3.0
FUTURA GIOVANI BUSTO ARSIZIO,Alyssa Enneking,Block,!,0.0
ITAS TRENTINO,Silvia Fiori,Dig,/,1.0
FUTURA GIOVANI BUSTO ARSIZIO,Elisa Zanette,Freeball,+,1.0
FUTURA GIOVANI BUSTO ARSIZIO,Sofia Monza,Set,#,2.0
FUTURA GIOVANI BUSTO ARSIZIO,Alyssa Enneking,Attack,-,3.0
ITAS TRENTINO,Vittoria Prandi,Dig,+,1.0
ITAS TRENTINO,Dayana Kosareva,Set,#,2.0
ITAS TRENTINO,Dominika Giuliani,Attack,+,3.0
FUTURA GIOVANI BUSTO ARSIZIO,Giada Cecchetto,Dig,-,1.0
FUTURA GIOVANI BUSTO ARSIZIO,Sofia Monza,Set,#,2.0
FUTURA GIOVANI BUSTO ARSIZIO,Bianca Orlandi,Attack,-,3.0
ITAS TRENTINO,Dominika Giuliani,Dig,+,1.0
ITAS TRENTINO,Vittoria Prandi,Set,#,2.0
ITAS TRENTINO,Emilia Weske,Attack,#,3.0
FUTURA GIOVANI BUSTO ARSIZIO,Alyssa Enneking,Block,=,0.0
FUTURA GIOVANI BUSTO ARSIZIO,Bianca Orlandi,Dig,=,1.0
ITAS TRENTINO,Emilia Weske,Serve,+,0.0
FUTURA GIOVANI BUSTO ARSIZIO,Alyssa Enneking,Reception,-,1.0
FUTURA GIOVANI BUSTO ARSIZIO,Fatim Yassimina Kone,Set,#,2.0
FUTURA GIOVANI BUSTO ARSIZIO,Elisa Zanette,Attack,=,3.0
ITAS TRENTINO,Emilia Weske,Serve,+,0.0
FUTURA GIOVANI BUSTO ARSIZIO,Giada Cecchetto,Reception,-,1.0
FUTURA GIOVANI BUSTO ARSIZIO,Elisa Zanette,Set,#,2.0
ITAS TRENTINO,Dominika Giuliani,Attack,#,3.0
ITAS TRENTINO,Emilia Weske,Serve,!,0.0
FUTURA GIOVANI BUSTO ARSIZIO,Giada Cecchetto,Reception,!,1.0
FUTURA GIOVANI BUSTO ARSIZIO,Sofia Monza,Set,#,2.0
FUTURA GIOVANI BUSTO ARSIZIO,Elisa Zanette,Attack,+,3.0
ITAS TRENTINO,Silvia Fiori,Dig,-,1.0
ITAS TRENTINO,Emilia Weske,Set,#,2.0
ITAS TRENTINO,Dayana Kosareva,Attack,#,3.0
ITAS TRENTINO,Emilia Weske,Serve,!,0.0
FUTURA GIOVANI BUSTO ARSIZIO,Giada Cecchetto,Reception,!,1.0
FUTURA GIOVANI BUSTO ARSIZIO,Sofia Monza,Set,#,2.0
FUTURA GIOVANI BUSTO ARSIZIO,Alyssa Enneking,Attack,#,3.0
ITAS TRENTINO,Silvia Fiori,Dig,=,1.0
FUTURA GIOVANI BUSTO ARSIZIO,Alyssa Enneking,Serve,-,0.0
ITAS TRENTINO,Dayana Kosareva,Reception,+,1.0
ITAS TRENTINO,Vittoria Prandi,Set,#,2.0
ITAS TRENTINO,Beatrice Molinaro,Attack,!,3.0
FUTURA GIOVANI BUSTO ARSIZIO,Fatim Yassimina Kone,Block,!,0.0
ITAS TRENTINO,Vittoria Prandi,Dig,!,1.0
ITAS TRENTINO,Silvia Fiori,Set,#,2.0
ITAS TRENTINO,Dominika Giuliani,Attack,#,3.0
FUTURA GIOVANI BUSTO ARSIZIO,Alyssa Enneking,Dig,=,1.0
ITAS TRENTINO,Dominika Giuliani,Serve,-,0.0
FUTURA GIOVANI BUSTO ARSIZIO,Alyssa Enneking,Reception,+,1.0
FUTURA GIOVANI BUSTO ARSIZIO,Sofia Monza,Set,#,2.0
FUTURA GIOVANI BUSTO ARSIZIO,Elisa Zanette,Attack,+,3.0
ITAS TRENTINO,Dominika Giuliani,Dig,-,1.0
ITAS TRENTINO,Silvia Fiori,Set,#,2.0
ITAS TRENTINO,Emilia Weske,Attack,=,3.0
FUTURA GIOVANI BUSTO ARSIZIO,Fatim Yassimina Kone,Serve,/,0.0
ITAS TRENTINO,Dominika Giuliani,Reception,/,1.0
FUTURA GIOVANI BUSTO ARSIZIO,Bianca Orlandi,Attack,!,3.0
ITAS TRENTINO,Vittoria Prandi,Block,!,0.0
FUTURA GIOVANI BUSTO ARSIZIO,Alyssa Enneking,Dig,+,1.0
FUTURA GIOVANI BUSTO ARSIZIO,Sofia Monza,Set,#,2.0
FUTURA GIOVANI BUSTO ARSIZIO,Bianca Orlandi,Attack,!,3.0
FUTURA GIOVANI BUSTO ARSIZIO,Elisa Zanette,Dig,!,1.0
ITAS TRENTINO,Vittoria Prandi,Block,!,0.0
FUTURA GIOVANI BUSTO ARSIZIO,Sofia Monza,Set,#,2.0
FUTURA GIOVANI BUSTO ARSIZIO,Sofia Rebora,Attack,#,3.0
ITAS TRENTINO,Beatrice Molinaro,Block,=,0.0
FUTURA GIOVANI BUSTO ARSIZIO,Fatim Yassimina Kone,Serve,-,0.0
ITAS TRENTINO,Dominika Giuliani,Reception,#,1.0
ITAS TRENTINO,Vittoria Prandi,Set,#,2.0
ITAS TRENTINO,Dayana Kosareva,Attack,#,3.0
FUTURA GIOVANI BUSTO ARSIZIO,Sofia Rebora,Block,=,0.0
ITAS TRENTINO,Beatrice Molinaro,Serve,!,0.0
FUTURA GIOVANI BUSTO ARSIZIO,Barbara Zakoscielna,Reception,!,1.0
FUTURA GIOVANI BUSTO ARSIZIO,Sofia Monza,Set,#,2.0
FUTURA GIOVANI BUSTO ARSIZIO,Barbara Zakoscielna,Attack,-,3.0
ITAS TRENTINO,Giulia Marconato,Block,+,0.0
ITAS TRENTINO,Beatrice Molinaro,Dig,+,1.0
ITAS TRENTINO,Vittoria Prandi,Set,#,2.0
ITAS TRENTINO,Giulia Marconato,Attack,!,3.0
FUTURA GIOVANI BUSTO ARSIZIO,Barbara Zakoscielna,Block,!,0.0
ITAS TRENTINO,Dominika Giuliani,Dig,!,1.0
ITAS TRENTINO,Vittoria Prandi,Set,#,2.0
ITAS TRENTINO,Giulia Marconato,Attack,#,3.0
FUTURA GIOVANI BUSTO ARSIZIO,Barbara Zakoscielna,Block,=,0.0
FUTURA GIOVANI BUSTO ARSIZIO,Elisa Zanette,Dig,=,1.0
ITAS TRENTINO,Beatrice Molinaro,Serve,!,0.0
FUTURA GIOVANI BUSTO ARSIZIO,Barbara Zakoscielna,Reception,!,1.0
FUTURA GIOVANI BUSTO ARSIZIO,Sofia Monza,Set,#,2.0
FUTURA GIOVANI BUSTO ARSIZIO,Elisa Zanette,Attack,+,3.0
ITAS TRENTINO,Vittoria Prandi,Dig,-,1.0
ITAS TRENTINO,Beatrice Molinaro,Set,#,2.0
ITAS TRENTINO,Dominika Giuliani,Attack,-,3.0
FUTURA GIOVANI BUSTO ARSIZIO,Giada Cecchetto,Dig,+,1.0
FUTURA GIOVANI BUSTO ARSIZIO,Sofia Monza,Set,#,2.0
FUTURA GIOVANI BUSTO ARSIZIO,Elisa Zanette,Attack,-,3.0
ITAS TRENTINO,Giulia Marconato,Block,+,0.0
ITAS TRENTINO,Emilia Weske,Dig,+,1.0
ITAS TRENTINO,Vittoria Prandi,Set,#,2.0
ITAS TRENTINO,Dayana Kosareva,Attack,-,3.0
FUTURA GIOVANI BUSTO ARSIZIO,Elisa Zanette,Block,+,0.0
FUTURA GIOVANI BUSTO ARSIZIO,Sofia Rebora,Dig,+,1.0
FUTURA GIOVANI BUSTO ARSIZIO,Sofia Monza,Set,#,2.0
FUTURA GIOVANI BUSTO ARSIZIO,Barbara Zakoscielna,Attack,=,3.0
ITAS TRENTINO,Beatrice Molinaro,Serve,-,0.0
FUTURA GIOVANI BUSTO ARSIZIO,Barbara Zakoscielna,Reception,#,1.0
FUTURA GIOVANI BUSTO ARSIZIO,Sofia Monza,Set,#,2.0
FUTURA GIOVANI BUSTO ARSIZIO,Alyssa Enneking,Attack,/,3.0
ITAS TRENTINO,Giulia Marconato,Block,#,0.0
ITAS TRENTINO,Beatrice Molinaro,Serve,-,0.0
FUTURA GIOVANI BUSTO ARSIZIO,Barbara Zakoscielna,Reception,+,1.0
FUTURA GIOVANI BUSTO ARSIZIO,Sofia Monza,Set,#,2.0
FUTURA GIOVANI BUSTO ARSIZIO,Sofia Rebora,Attack,#,3.0
FUTURA GIOVANI BUSTO ARSIZIO,Elisa Zanette,Serve,-,0.0
ITAS TRENTINO,Dominika Giuliani,Reception,#,1.0
ITAS TRENTINO,Vittoria Prandi,Set,#,2.0
ITAS TRENTINO,Vittoria Prandi,Attack,#,3.0
ITAS TRENTINO,Vittoria Prandi,Serve,!,0.0
FUTURA GIOVANI BUSTO ARSIZIO,Giada Cecchetto,Reception,!,1.0
FUTURA GIOVANI BUSTO ARSIZIO,Sofia Monza,Set,#,2.0
FUTURA GIOVANI BUSTO ARSIZIO,Alyssa Enneking,Attack,#,3.0
ITAS TRENTINO,Vittoria Prandi,Dig,=,1.0
FUTURA GIOVANI BUSTO ARSIZIO,Barbara Zakoscielna,Serve,!,0.0
ITAS TRENTINO,Dominika Giuliani,Reception,!,1.0
ITAS TRENTINO,Vittoria Prandi,Set,#,2.0
ITAS TRENTINO,Dayana Kosareva,Attack,#,3.0
FUTURA GIOVANI BUSTO ARSIZIO,Sofia Rebora,Block,=,0.0
FUTURA GIOVANI BUSTO ARSIZIO,Alyssa Enneking,Dig,=,1.0
ITAS TRENTINO,Dayana Kosareva,Serve,=,0.0
FUTURA GIOVANI BUSTO ARSIZIO,Sofia Rebora,Serve,+,0.0
ITAS TRENTINO,Dayana Kosareva,Reception,-,1.0
ITAS TRENTINO,Silvia Fiori,Set,#,2.0
ITAS TRENTINO,Dominika Giuliani,Attack,/,3.0
FUTURA GIOVANI BUSTO ARSIZIO,Chiara Landucci,Block,#,0.0
FUTURA GIOVANI BUSTO ARSIZIO,Sofia Rebora,Serve,#,0.0
ITAS TRENTINO,Silvia Fiori,Reception,=,1.0
FUTURA GIOVANI BUSTO ARSIZIO,Sofia Rebora,Serve,-,0.0
ITAS TRENTINO,Dominika Giuliani,Reception,+,1.0
ITAS TRENTINO,Vittoria Prandi,Set,#,2.0
ITAS TRENTINO,Emilia Weske,Attack,#,3.0
ITAS TRENTINO,Giulia Marconato,Serve,-,0.0
FUTURA GIOVANI BUSTO ARSIZIO,Giada Cecchetto,Reception,#,1.0
FUTURA GIOVANI BUSTO ARSIZIO,Sofia Monza,Set,#,2.0
FUTURA GIOVANI BUSTO ARSIZIO,Chiara Landucci,Attack,#,3.0
FUTURA GIOVANI BUSTO ARSIZIO,Valentina Brandi,Serve,+,0.0
ITAS TRENTINO,Dominika Giuliani,Reception,-,1.0
ITAS TRENTINO,Silvia Fiori,Set,#,2.0
ITAS TRENTINO,Emilia Weske,Attack,!,3.0
FUTURA GIOVANI BUSTO ARSIZIO,Alyssa Enneking,Block,!,0.0
ITAS TRENTINO,Vittoria Prandi,Dig,!,1.0
ITAS TRENTINO,Silvia Fiori,Set,#,2.0
ITAS TRENTINO,Emilia Weske,Attack,/,3.0
FUTURA GIOVANI BUSTO ARSIZIO,Chiara Landucci,Block,#,0.0
FUTURA GIOVANI BUSTO ARSIZIO,Valentina Brandi,Serve,!,0.0
ITAS TRENTINO,Dominika Giuliani,Reception,!,1.0
ITAS TRENTINO,Vittoria Prandi,Set,#,2.0
ITAS TRENTINO,Emilia Weske,Attack,#,3.0
FUTURA GIOVANI BUSTO ARSIZIO,Barbara Zakoscielna,Dig,=,1.0
ITAS TRENTINO,Emilia Weske,Serve,-,0.0
FUTURA GIOVANI BUSTO ARSIZIO,Alyssa Enneking,Reception,#,1.0
FUTURA GIOVANI BUSTO ARSIZIO,Sofia Monza,Set,#,2.0
FUTURA GIOVANI BUSTO ARSIZIO,Elisa Zanette,Attack,-,3.0
ITAS TRENTINO,Vittoria Prandi,Block,+,0.0
ITAS TRENTINO,Dayana Kosareva,Dig,+,1.0
ITAS TRENTINO,Vittoria Prandi,Set,#,2.0
ITAS TRENTINO,Beatrice Molinaro,Attack,#,3.0
FUTURA GIOVANI BUSTO ARSIZIO,Elisa Zanette,Block,=,0.0
FUTURA GIOVANI BUSTO ARSIZIO,Barbara Zakoscielna,Dig,=,1.0
ITAS TRENTINO,Emilia Weske,Serve,!,0.0
FUTURA GIOVANI BUSTO ARSIZIO,Giada Cecchetto,Reception,!,1.0
FUTURA GIOVANI BUSTO ARSIZIO,Valentina Brandi,Set,#,2.0
FUTURA GIOVANI BUSTO ARSIZIO,Alyssa Enneking,Attack,#,3.0
FUTURA GIOVANI BUSTO ARSIZIO,Alyssa Enneking,Serve,-,0.0
ITAS TRENTINO,Silvia Fiori,Reception,#,1.0
ITAS TRENTINO,Vittoria Prandi,Set,#,2.0
ITAS TRENTINO,Beatrice Molinaro,Attack,#,3.0
ITAS TRENTINO,Dominika Giuliani,Serve,=,0.0
FUTURA GIOVANI BUSTO ARSIZIO,Chiara Landucci,Serve,-,0.0
ITAS TRENTINO,Dayana Kosareva,Reception,+,1.0
ITAS TRENTINO,Vittoria Prandi,Set,#,2.0
ITAS TRENTINO,Beatrice Molinaro,Attack,#,3.0
ITAS TRENTINO,Beatrice Molinaro,Serve,+,0.0
FUTURA GIOVANI BUSTO ARSIZIO,Barbara Zakoscielna,Reception,-,1.0
FUTURA GIOVANI BUSTO ARSIZIO,Valentina Brandi,Set,#,2.0
FUTURA GIOVANI BUSTO ARSIZIO,Barbara Zakoscielna,Attack,#,3.0
ITAS TRENTINO,Dayana Kosareva,Dig,=,1.0
FUTURA GIOVANI BUSTO ARSIZIO,Elisa Zanette,Serve,-,0.0
ITAS TRENTINO,Dominika Giuliani,Reception,+,1.0
ITAS TRENTINO,Vittoria Prandi,Set,#,2.0
ITAS TRENTINO,Dayana Kosareva,Attack,#,3.0
FUTURA GIOVANI BUSTO ARSIZIO,Alyssa Enneking,Dig,=,1.0
ITAS TRENTINO,Vittoria Prandi,Serve,-,0.0
FUTURA GIOVANI BUSTO ARSIZIO,Giada Cecchetto,Reception,+,1.0
FUTURA GIOVANI BUSTO ARSIZIO,Valentina Brandi,Set,#,2.0
FUTURA GIOVANI BUSTO ARSIZIO,Sofia Rebora,Attack,#,3.0
FUTURA GIOVANI BUSTO ARSIZIO,Barbara Zakoscielna,Serve,-,0.0
ITAS TRENTINO,Dayana Kosareva,Reception,#,1.0
ITAS TRENTINO,Vittoria Prandi,Set,#,2.0
ITAS TRENTINO,Dayana Kosareva,Attack,+,3.0
FUTURA GIOVANI BUSTO ARSIZIO,Elisa Zanette,Dig,-,1.0
FUTURA GIOVANI BUSTO ARSIZIO,Giada Cecchetto,Set,#,2.0
FUTURA GIOVANI BUSTO ARSIZIO,Alyssa Enneking,Attack,-,3.0
ITAS TRENTINO,Emilia Weske,Block,+,0.0
ITAS TRENTINO,Dominika Giuliani,Dig,+,1.0
ITAS TRENTINO,Vittoria Prandi,Set,#,2.0
ITAS TRENTINO,Dayana Kosareva,Attack,#,3.0
ITAS TRENTINO,Dayana Kosareva,Serve,#,0.0
FUTURA GIOVANI BUSTO ARSIZIO,Alyssa Enneking,Reception,=,1.0
ITAS TRENTINO,Dayana Kosareva,Serve,+,0.0
FUTURA GIOVANI BUSTO ARSIZIO,Giada Cecchetto,Reception,-,1.0
FUTURA GIOVANI BUSTO ARSIZIO,Valentina Brandi,Set,#,2.0
FUTURA GIOVANI BUSTO ARSIZIO,Alyssa Enneking,Attack,/,3.0
ITAS TRENTINO,Giulia Marconato,Block,#,0.0
ITAS TRENTINO,Dayana Kosareva,Serve,-,0.0
FUTURA GIOVANI BUSTO ARSIZIO,Giada Cecchetto,Reception,#,1.0
FUTURA GIOVANI BUSTO ARSIZIO,Sofia Monza,Set,#,2.0
FUTURA GIOVANI BUSTO ARSIZIO,Elisa Zanette,Attack,#,3.0
ITAS TRENTINO,Silvia Fiori,Dig,=,1.0
FUTURA GIOVANI BUSTO ARSIZIO,Chiara Landucci,Serve,!,0.0
ITAS TRENTINO,Dominika Giuliani,Reception,!,1.0
ITAS TRENTINO,Vittoria Prandi,Set,#,2.0
ITAS TRENTINO,Dominika Giuliani,Attack,=,3.0
FUTURA GIOVANI BUSTO ARSIZIO,Chiara Landucci,Serve,+,0.0
ITAS TRENTINO,Dominika Giuliani,Reception,-,1.0
ITAS TRENTINO,Vittoria Prandi,Set,#,2.0
ITAS TRENTINO,Emilia Weske,Attack,#,3.0
FUTURA GIOVANI BUSTO ARSIZIO,Barbara Zakoscielna,Block,=,0.0
ITAS TRENTINO,Giulia Marconato,Serve,-,0.0
FUTURA GIOVANI BUSTO ARSIZIO,Alyssa Enneking,Reception,+,1.0
FUTURA GIOVANI BUSTO ARSIZIO,Sofia Monza,Set,#,2.0
FUTURA GIOVANI BUSTO ARSIZIO,Sofia Rebora,Attack,=,3.0
ITAS TRENTINO,Giulia Marconato,Serve,-,0.0
FUTURA GIOVANI BUSTO ARSIZIO,Giada Cecchetto,Reception,#,1.0
FUTURA GIOVANI BUSTO ARSIZIO,Sofia Monza,Set,#,2.0
FUTURA GIOVANI BUSTO ARSIZIO,Elisa Zanette,Attack,!,3.0
ITAS TRENTINO,Giulia Marconato,Dig,/,1.0
FUTURA GIOVANI BUSTO ARSIZIO,Giada Cecchetto,Freeball,+,1.0
FUTURA GIOVANI BUSTO ARSIZIO,Sofia Monza,Set,#,2.0
FUTURA GIOVANI BUSTO ARSIZIO,Alyssa Enneking,Attack,!,3.0
ITAS TRENTINO,Dominika Giuliani,Block,!,0.0
ITAS TRENTINO,Dayana Kosareva,Freeball,+,1.0
ITAS TRENTINO,Vittoria Prandi,Set,#,2.0
ITAS TRENTINO,Emilia Weske,Attack,#,3.0
FUTURA GIOVANI BUSTO ARSIZIO,Giada Cecchetto,Dig,=,1.0
ITAS TRENTINO,Giulia Marconato,Serve,#,0.0
FUTURA GIOVANI BUSTO ARSIZIO,Alyssa Enneking,Reception,=,1.0
ITAS TRENTINO,Giulia Marconato,Serve,+,0.0
FUTURA GIOVANI BUSTO ARSIZIO,Alyssa Enneking,Reception,-,1.0
FUTURA GIOVANI BUSTO ARSIZIO,Sofia Monza,Set,#,2.0
FUTURA GIOVANI BUSTO ARSIZIO,Barbara Zakoscielna,Attack,-,3.0
ITAS TRENTINO,Dominika Giuliani,Dig,+,1.0
ITAS TRENTINO,Vittoria Prandi,Set,#,2.0
ITAS TRENTINO,Emilia Weske,Attack,/,3.0
FUTURA GIOVANI BUSTO ARSIZIO,Barbara Zakoscielna,Block,#,0.0
FUTURA GIOVANI BUSTO ARSIZIO,Elisa Zanette,Serve,!,0.0
ITAS TRENTINO,Dominika Giuliani,Reception,!,1.0
ITAS TRENTINO,Vittoria Prandi,Set,#,2.0
ITAS TRENTINO,Beatrice Molinaro,Attack,!,3.0
FUTURA GIOVANI BUSTO ARSIZIO,Elisa Zanette,Dig,/,1.0
ITAS TRENTINO,Dayana Kosareva,Freeball,+,1.0
ITAS TRENTINO,Vittoria Prandi,Set,#,2.0
ITAS TRENTINO,Dominika Giuliani,Attack,+,3.0
FUTURA GIOVANI BUSTO ARSIZIO,Giada Cecchetto,Dig,-,1.0
FUTURA GIOVANI BUSTO ARSIZIO,Sofia Monza,Set,#,2.0
FUTURA GIOVANI BUSTO ARSIZIO,Barbara Zakoscielna,Attack,/,3.0
ITAS TRENTINO,Emilia Weske,Block,#,0.0
FUTURA GIOVANI BUSTO ARSIZIO,Giada Cecchetto,Dig,=,1.0
ITAS TRENTINO,Emilia Weske,Serve,#,0.0
FUTURA GIOVANI BUSTO ARSIZIO,Giada Cecchetto,Reception,=,1.0
ITAS TRENTINO,Emilia Weske,Serve,+,0.0
FUTURA GIOVANI BUSTO ARSIZIO,Giada Cecchetto,Reception,-,1.0
FUTURA GIOVANI BUSTO ARSIZIO,Sofia Monza,Set,#,2.0
FUTURA GIOVANI BUSTO ARSIZIO,Barbara Zakoscielna,Attack,+,3.0
ITAS TRENTINO,Silvia Fiori,Dig,-,1.0
ITAS TRENTINO,Beatrice Molinaro,Set,#,2.0
ITAS TRENTINO,Emilia Weske,Attack,!,3.0
FUTURA GIOVANI BUSTO ARSIZIO,Sofia Rebora,Block,!,0.0
ITAS TRENTINO,Silvia Fiori,Dig,!,1.0
ITAS TRENTINO,Vittoria Prandi,Set,#,2.0
ITAS TRENTINO,Beatrice Molinaro,Attack,#,3.0
FUTURA GIOVANI BUSTO ARSIZIO,Sofia Monza,Dig,=,1.0
ITAS TRENTINO,Emilia Weske,Serve,!,0.0
FUTURA GIOVANI BUSTO ARSIZIO,Giada Cecchetto,Reception,!,1.0
FUTURA GIOVANI BUSTO ARSIZIO,Sofia Monza,Set,#,2.0
FUTURA GIOVANI BUSTO ARSIZIO,Sofia Rebora,Attack,!,3.0
ITAS TRENTINO,Dayana Kosareva,Dig,/,1.0
ITAS TRENTINO,Vittoria Prandi,Set,#,2.0
ITAS TRENTINO,Beatrice Molinaro,Attack,-,3.0
FUTURA GIOVANI BUSTO ARSIZIO,Barbara Zakoscielna,Block,+,0.0
FUTURA GIOVANI BUSTO ARSIZIO,Giada Cecchetto,Dig,+,1.0
FUTURA GIOVANI BUSTO ARSIZIO,Sofia Monza,Set,#,2.0
FUTURA GIOVANI BUSTO ARSIZIO,Barbara Zakoscielna,Attack,#,3.0
ITAS TRENTINO,Vittoria Prandi,Block,=,0.0
FUTURA GIOVANI BUSTO ARSIZIO,Barbara Zakoscielna,Serve,-,0.0
ITAS TRENTINO,Dayana Kosareva,Reception,+,1.0
ITAS TRENTINO,Vittoria Prandi,Set,+,2.0
ITAS TRENTINO,Vittoria Prandi,Attack,-,3.0
FUTURA GIOVANI BUSTO ARSIZIO,Giada Cecchetto,Dig,+,1.0
FUTURA GIOVANI BUSTO ARSIZIO,Sofia Monza,Set,#,2.0
FUTURA GIOVANI BUSTO ARSIZIO,Elisa Zanette,Attack,=,3.0
ITAS TRENTINO,Dominika Giuliani,Serve,-,0.0
FUTURA GIOVANI BUSTO ARSIZIO,Barbara Zakoscielna,Reception,+,1.0
FUTURA GIOVANI BUSTO ARSIZIO,Sofia Monza,Set,#,2.0
FUTURA GIOVANI BUSTO ARSIZIO,Sofia Rebora,Attack,-,3.0
ITAS TRENTINO,Dominika Giuliani,Dig,+,1.0
ITAS TRENTINO,Vittoria Prandi,Set,#,2.0
ITAS TRENTINO,Beatrice Molinaro,Attack,-,3.0
FUTURA GIOVANI BUSTO ARSIZIO,Alyssa Enneking,Dig,+,1.0
FUTURA GIOVANI BUSTO ARSIZIO,Sofia Monza,Set,#,2.0
FUTURA GIOVANI BUSTO ARSIZIO,Barbara Zakoscielna,Attack,/,3.0
ITAS TRENTINO,Dayana Kosareva,Block,#,0.0
ITAS TRENTINO,Dominika Giuliani,Serve,/,0.0
FUTURA GIOVANI BUSTO ARSIZIO,Barbara Zakoscielna,Reception,/,1.0
ITAS TRENTINO,Dayana Kosareva,Freeball,+,1.0
ITAS TRENTINO,Vittoria Prandi,Set,#,2.0
ITAS TRENTINO,Dayana Kosareva,Attack,-,3.0
FUTURA GIOVANI BUSTO ARSIZIO,Barbara Zakoscielna,Dig,+,1.0
FUTURA GIOVANI BUSTO ARSIZIO,Sofia Monza,Set,#,2.0
FUTURA GIOVANI BUSTO ARSIZIO,Elisa Zanette,Attack,!,3.0
ITAS TRENTINO,Beatrice Molinaro,Block,!,0.0
ITAS TRENTINO,Dominika Giuliani,Dig,/,1.0
FUTURA GIOVANI BUSTO ARSIZIO,Sofia Monza,Set,#,2.0
FUTURA GIOVANI BUSTO ARSIZIO,Alyssa Enneking,Attack,+,3.0
ITAS TRENTINO,Vittoria Prandi,Block,-,0.0
ITAS TRENTINO,Dominika Giuliani,Dig,-,1.0
ITAS TRENTINO,Vittoria Prandi,Set,#,2.0
ITAS TRENTINO,Dayana Kosareva,Attack,/,3.0
FUTURA GIOVANI BUSTO ARSIZIO,Sofia Rebora,Block,#,0.0
FUTURA GIOVANI BUSTO ARSIZIO,Sofia Rebora,Serve,+,0.0
ITAS TRENTINO,Dominika Giuliani,Reception,-,1.0
ITAS TRENTINO,Dayana Kosareva,Set,#,2.0
ITAS TRENTINO,Emilia Weske,Attack,-,3.0
FUTURA GIOVANI BUSTO ARSIZIO,Barbara Zakoscielna,Dig,+,1.0
FUTURA GIOVANI BUSTO ARSIZIO,Sofia Monza,Set,#,2.0
FUTURA GIOVANI BUSTO ARSIZIO,Alyssa Enneking,Attack,#,3.0
ITAS TRENTINO,Dayana Kosareva,Dig,=,1.0
FUTURA GIOVANI BUSTO ARSIZIO,Sofia Rebora,Serve,+,0.0
ITAS TRENTINO,Silvia Fiori,Reception,-,1.0
ITAS TRENTINO,Vittoria Prandi,Set,-,2.0
FUTURA GIOVANI BUSTO ARSIZIO,Elisa Zanette,Freeball,+,1.0
FUTURA GIOVANI BUSTO ARSIZIO,Sofia Monza,Set,#,2.0
FUTURA GIOVANI BUSTO ARSIZIO,Chiara Landucci,Attack,#,3.0
ITAS TRENTINO,Emilia Weske,Dig,=,1.0
FUTURA GIOVANI BUSTO ARSIZIO,Sofia Rebora,Serve,-,0.0
ITAS TRENTINO,Dayana Kosareva,Reception,#,1.0
ITAS TRENTINO,Vittoria Prandi,Set,#,2.0
ITAS TRENTINO,Dayana Kosareva,Attack,/,3.0
FUTURA GIOVANI BUSTO ARSIZIO,Chiara Landucci,Block,#,0.0
FUTURA GIOVANI BUSTO ARSIZIO,Sofia Rebora,Serve,!,0.0
ITAS TRENTINO,Silvia Fiori,Reception,!,1.0
ITAS TRENTINO,Vittoria Prandi,Set,#,2.0
ITAS TRENTINO,Beatrice Molinaro,Attack,-,3.0
FUTURA GIOVANI BUSTO ARSIZIO,Sofia Monza,Dig,+,1.0
FUTURA GIOVANI BUSTO ARSIZIO,Sofia Rebora,Set,#,2.0
FUTURA GIOVANI BUSTO ARSIZIO,Elisa Zanette,Attack,-,3.0
ITAS TRENTINO,Beatrice Molinaro,Block,+,0.0
ITAS TRENTINO,Dominika Giuliani,Dig,+,1.0
ITAS TRENTINO,Vittoria Prandi,Set,#,2.0
ITAS TRENTINO,Emilia Weske,Attack,+,3.0
FUTURA GIOVANI BUSTO ARSIZIO,Sofia Rebora,Dig,-,1.0
FUTURA GIOVANI BUSTO ARSIZIO,Sofia Monza,Set,#,2.0
FUTURA GIOVANI BUSTO ARSIZIO,Alyssa Enneking,Attack,-,3.0
ITAS TRENTINO,Vittoria Prandi,Block,+,0.0
ITAS TRENTINO,Emilia Weske,Dig,+,1.0
ITAS TRENTINO,Vittoria Prandi,Set,#,2.0
ITAS TRENTINO,Dayana Kosareva,Attack,!,3.0
FUTURA GIOVANI BUSTO ARSIZIO,Chiara Landucci,Block,!,0.0
FUTURA GIOVANI BUSTO ARSIZIO,Barbara Zakoscielna,Dig,-,1.0
ITAS TRENTINO,Beatrice Molinaro,Freeball,+,1.0
ITAS TRENTINO,Vittoria Prandi,Set,#,2.0
ITAS TRENTINO,Beatrice Molinaro,Attack,#,3.0
ITAS TRENTINO,Beatrice Molinaro,Serve,+,0.0
FUTURA GIOVANI BUSTO ARSIZIO,Alyssa Enneking,Reception,-,1.0
FUTURA GIOVANI BUSTO ARSIZIO,Sofia Monza,Set,#,2.0
FUTURA GIOVANI BUSTO ARSIZIO,Alyssa Enneking,Attack,-,3.0
ITAS TRENTINO,Emilia Weske,Dig,+,1.0
ITAS TRENTINO,Vittoria Prandi,Set,#,2.0
ITAS TRENTINO,Giulia Marconato,Attack,#,3.0
FUTURA GIOVANI BUSTO ARSIZIO,Alyssa Enneking,Block,=,0.0
ITAS TRENTINO,Beatrice Molinaro,Serve,!,0.0
FUTURA GIOVANI BUSTO ARSIZIO,Alyssa Enneking,Reception,!,1.0
FUTURA GIOVANI BUSTO ARSIZIO,Sofia Monza,Set,#,2.0
FUTURA GIOVANI BUSTO ARSIZIO,Alyssa Enneking,Attack,#,3.0
ITAS TRENTINO,Dominika Giuliani,Dig,=,1.0
FUTURA GIOVANI BUSTO ARSIZIO,Sofia Monza,Serve,/,0.0
ITAS TRENTINO,Dominika Giuliani,Reception,/,1.0
FUTURA GIOVANI BUSTO ARSIZIO,Chiara Landucci,Freeball,+,1.0
FUTURA GIOVANI BUSTO ARSIZIO,Sofia Monza,Set,#,2.0
FUTURA GIOVANI BUSTO ARSIZIO,Chiara Landucci,Attack,#,3.0
FUTURA GIOVANI BUSTO ARSIZIO,Sofia Monza,Serve,-,0.0
ITAS TRENTINO,Dominika Giuliani,Reception,#,1.0
ITAS TRENTINO,Vittoria Prandi,Set,#,2.0
ITAS TRENTINO,Giulia Marconato,Attack,#,3.0
FUTURA GIOVANI BUSTO ARSIZIO,Giada Cecchetto,Dig,=,1.0
ITAS TRENTINO,Vittoria Prandi,Serve,-,0.0
FUTURA GIOVANI BUSTO ARSIZIO,Alyssa Enneking,Reception,+,1.0
FUTURA GIOVANI BUSTO ARSIZIO,Sofia Monza,Set,#,2.0
FUTURA GIOVANI BUSTO ARSIZIO,Chiara Landucci,Attack,/,3.0
ITAS TRENTINO,Giulia Marconato,Block,#,0.0
ITAS TRENTINO,Vittoria Prandi,Serve,!,0.0
FUTURA GIOVANI BUSTO ARSIZIO,Giada Cecchetto,Reception,!,1.0
FUTURA GIOVANI BUSTO ARSIZIO,Sofia Monza,Set,#,2.0
FUTURA GIOVANI BUSTO ARSIZIO,Elisa Zanette,Attack,#,3.0
FUTURA GIOVANI BUSTO ARSIZIO,Federica Baratella,Serve,-,0.0
ITAS TRENTINO,Dayana Kosareva,Reception,+,1.0
ITAS TRENTINO,Vittoria Prandi,Set,#,2.0
ITAS TRENTINO,Emilia Weske,Attack,+,3.0
FUTURA GIOVANI BUSTO ARSIZIO,Elisa Zanette,Dig,-,1.0
FUTURA GIOVANI BUSTO ARSIZIO,Sofia Monza,Set,#,2.0
FUTURA GIOVANI BUSTO ARSIZIO,Barbara Zakoscielna,Attack,-,3.0
ITAS TRENTINO,Emilia Weske,Block,+,0.0
ITAS TRENTINO,Vittoria Prandi,Dig,+,1.0
ITAS TRENTINO,Silvia Fiori,Set,#,2.0
ITAS TRENTINO,Emilia Weske,Attack,/,3.0
FUTURA GIOVANI BUSTO ARSIZIO,Barbara Zakoscielna,Block,#,0.0
FUTURA GIOVANI BUSTO ARSIZIO,Federica Baratella,Serve,+,0.0
ITAS TRENTINO,Dominika Giuliani,Reception,-,1.0
ITAS TRENTINO,Vittoria Prandi,Set,#,2.0
ITAS TRENTINO,Emilia Weske,Attack,=,3.0
FUTURA GIOVANI BUSTO ARSIZIO,Federica Baratella,Serve,-,0.0
ITAS TRENTINO,Dayana Kosareva,Reception,+,1.0
ITAS TRENTINO,Vittoria Prandi,Set,#,2.0
ITAS TRENTINO,Giulia Marconato,Attack,#,3.0
FUTURA GIOVANI BUSTO ARSIZIO,Giada Cecchetto,Dig,=,1.0
ITAS TRENTINO,Dayana Kosareva,Serve,+,0.0
FUTURA GIOVANI BUSTO ARSIZIO,Giada Cecchetto,Reception,-,1.0
FUTURA GIOVANI BUSTO ARSIZIO,Sofia Monza,Set,#,2.0
FUTURA GIOVANI BUSTO ARSIZIO,Elisa Zanette,Attack,-,3.0
ITAS TRENTINO,Emilia Weske,Dig,+,1.0
ITAS TRENTINO,Vittoria Prandi,Set,#,2.0
ITAS TRENTINO,Giulia Marconato,Attack,!,3.0
FUTURA GIOVANI BUSTO ARSIZIO,Chiara Landucci,Block,!,0.0
ITAS TRENTINO,Aneta Zojzi,Dig,!,1.0
FUTURA GIOVANI BUSTO ARSIZIO,Giada Cecchetto,Freeball,+,1.0
FUTURA GIOVANI BUSTO ARSIZIO,Sofia Monza,Set,#,2.0
FUTURA GIOVANI BUSTO ARSIZIO,Elisa Zanette,Attack,!,3.0
ITAS TRENTINO,Aneta Zojzi,Block,!,0.0
ITAS TRENTINO,Silvia Fiori,Dig,!,1.0
ITAS TRENTINO,Vittoria Prandi,Set,#,2.0
ITAS TRENTINO,Aneta Zojzi,Attack,=,3.0
FUTURA GIOVANI BUSTO ARSIZIO,Chiara Landucci,Serve,-,0.0
ITAS TRENTINO,Silvia Fiori,Reception,+,1.0
ITAS TRENTINO,Vittoria Prandi,Set,#,2.0
ITAS TRENTINO,Aneta Zojzi,Attack,!,3.0
FUTURA GIOVANI BUSTO ARSIZIO,Sofia Rebora,Dig,/,1.0
ITAS TRENTINO,Emilia Weske,Freeball,+,1.0
ITAS TRENTINO,Vittoria Prandi,Set,#,2.0
ITAS TRENTINO,Giulia Marconato,Attack,!,3.0
FUTURA GIOVANI BUSTO ARSIZIO,Sofia Rebora,Block,!,0.0
ITAS TRENTINO,Dayana Kosareva,Dig,/,1.0
FUTURA GIOVANI BUSTO ARSIZIO,Barbara Zakoscielna,Attack,!,3.0
ITAS TRENTINO,Silvia Fiori,Dig,/,1.0
FUTURA GIOVANI BUSTO ARSIZIO,Sofia Rebora,Freeball,+,1.0
FUTURA GIOVANI BUSTO ARSIZIO,Sofia Monza,Set,#,2.0
FUTURA GIOVANI BUSTO ARSIZIO,Sofia Rebora,Attack,!,3.0
ITAS TRENTINO,Silvia Fiori,Dig,/,1.0
FUTURA GIOVANI BUSTO ARSIZIO,Federica Baratella,Freeball,+,1.0
FUTURA GIOVANI BUSTO ARSIZIO,Sofia Monza,Set,#,2.0
FUTURA GIOVANI BUSTO ARSIZIO,Barbara Zakoscielna,Attack,#,3.0
ITAS TRENTINO,Emilia Weske,Block,=,0.0
FUTURA GIOVANI BUSTO ARSIZIO,Chiara Landucci,Serve,#,0.0
ITAS TRENTINO,Silvia Fiori,Reception,=,1.0
FUTURA GIOVANI BUSTO ARSIZIO,Chiara Landucci,Serve,#,0.0
ITAS TRENTINO,Silvia Fiori,Reception,=,1.0
FUTURA GIOVANI BUSTO ARSIZIO,Chiara Landucci,Serve,+,0.0
ITAS TRENTINO,Silvia Fiori,Reception,-,1.0
ITAS TRENTINO,Vittoria Prandi,Set,#,2.0
ITAS TRENTINO,Emilia Weske,Attack,#,3.0
FUTURA GIOVANI BUSTO ARSIZIO,Sofia Rebora,Block,=,0.0
ITAS TRENTINO,Valeria Pizzolato,Serve,-,0.0
FUTURA GIOVANI BUSTO ARSIZIO,Giada Cecchetto,Reception,+,1.0
FUTURA GIOVANI BUSTO ARSIZIO,Sofia Monza,Set,#,2.0
FUTURA GIOVANI BUSTO ARSIZIO,Elisa Zanette,Attack,#,3.0
ITAS TRENTINO,Emilia Weske,Dig,=,1.0
FUTURA GIOVANI BUSTO ARSIZIO,Elisa Zanette,Serve,-,0.0
ITAS TRENTINO,Dayana Kosareva,Reception,#,1.0
ITAS TRENTINO,Vittoria Prandi,Set,#,2.0
ITAS TRENTINO,Beatrice Molinaro,Attack,/,3.0
FUTURA GIOVANI BUSTO ARSIZIO,Sofia Rebora,Block,#,0.0
FUTURA GIOVANI BUSTO ARSIZIO,Elisa Zanette,Serve,-,0.0
ITAS TRENTINO,Dominika Giuliani,Reception,#,1.0
ITAS TRENTINO,Vittoria Prandi,Set,#,2.0
ITAS TRENTINO,Dominika Giuliani,Attack,/,3.0
FUTURA GIOVANI BUSTO ARSIZIO,Sofia Rebora,Block,#,0.0
FUTURA GIOVANI BUSTO ARSIZIO,Elisa Zanette,Serve,!,0.0
ITAS TRENTINO,Dayana Kosareva,Reception,!,1.0
ITAS TRENTINO,Vittoria Prandi,Set,#,2.0
ITAS TRENTINO,Emilia Weske,Attack,#,3.0
FUTURA GIOVANI BUSTO ARSIZIO,Barbara Zakoscielna,Block,=,0.0
ITAS TRENTINO,Emilia Weske,Serve,#,0.0
FUTURA GIOVANI BUSTO ARSIZIO,Federica Baratella,Reception,=,1.0
ITAS TRENTINO,Emilia Weske,Serve,-,0.0
FUTURA GIOVANI BUSTO ARSIZIO,Federica Baratella,Reception,+,1.0
FUTURA GIOVANI BUSTO ARSIZIO,Sofia Monza,Set,#,2.0
FUTURA GIOVANI BUSTO ARSIZIO,Barbara Zakoscielna,Attack,#,3.0
ITAS TRENTINO,Beatrice Molinaro,Block,=,0.0
FUTURA GIOVANI BUSTO ARSIZIO,Barbara Zakoscielna,Serve,/,0.0
ITAS TRENTINO,Dominika Giuliani,Reception,/,1.0
FUTURA GIOVANI BUSTO ARSIZIO,Sofia Rebora,Attack,#,3.0
ITAS TRENTINO,Vittoria Prandi,Block,=,0.0
FUTURA GIOVANI BUSTO ARSIZIO,Barbara Zakoscielna,Serve,#,0.0
ITAS TRENTINO,Dominika Giuliani,Reception,=,1.0
FUTURA GIOVANI BUSTO ARSIZIO,Barbara Zakoscielna,Serve,-,0.0
ITAS TRENTINO,Dominika Giuliani,Reception,#,1.0
ITAS TRENTINO,Ilaria Batte,Set,#,2.0
ITAS TRENTINO,Teresa Bassi,Attack,#,3.0
ITAS TRENTINO,Dominika Giuliani,Serve,-,0.0
FUTURA GIOVANI BUSTO ARSIZIO,Barbara Zakoscielna,Reception,+,1.0
FUTURA GIOVANI BUSTO ARSIZIO,Sofia Monza,Set,#,2.0
FUTURA GIOVANI BUSTO ARSIZIO,Sofia Rebora,Attack,#,3.0
ITAS TRENTINO,Ilaria Batte,Dig,=,1.0
FUTURA GIOVANI BUSTO ARSIZIO,Sofia Rebora,Serve,!,0.0
ITAS TRENTINO,Silvia Fiori,Reception,!,1.0
ITAS TRENTINO,Ilaria Batte,Set,#,2.0
ITAS TRENTINO,Dayana Kosareva,Attack,-,3.0
FUTURA GIOVANI BUSTO ARSIZIO,Chiara Landucci,Block,+,0.0
FUTURA GIOVANI BUSTO ARSIZIO,Barbara Zakoscielna,Dig,+,1.0
FUTURA GIOVANI BUSTO ARSIZIO,Sofia Monza,Set,#,2.0
FUTURA GIOVANI BUSTO ARSIZIO,Elisa Zanette,Attack,!,3.0
ITAS TRENTINO,Silvia Fiori,Dig,/,1.0
FUTURA GIOVANI BUSTO ARSIZIO,Chiara Landucci,Attack,!,3.0
ITAS TRENTINO,Ilaria Batte,Dig,/,1.0
FUTURA GIOVANI BUSTO ARSIZIO,Barbara Zakoscielna,Freeball,+,1.0
FUTURA GIOVANI BUSTO ARSIZIO,Sofia Monza,Set,#,2.0
FUTURA GIOVANI BUSTO ARSIZIO,Chiara Landucci,Attack,!,3.0
ITAS TRENTINO,Teresa Bassi,Block,!,0.0
FUTURA GIOVANI BUSTO ARSIZIO,Barbara Zakoscielna,Dig,!,1.0
ITAS TRENTINO,Teresa Bassi,Freeball,+,1.0
ITAS TRENTINO,Ilaria Batte,Set,#,2.0
ITAS TRENTINO,Beatrice Molinaro,Attack,#,3.0
ITAS TRENTINO,Virginia Ristori,Serve,-,0.0
FUTURA GIOVANI BUSTO ARSIZIO,Giada Cecchetto,Reception,+,1.0
FUTURA GIOVANI BUSTO ARSIZIO,Sofia Monza,Set,#,2.0
FUTURA GIOVANI BUSTO ARSIZIO,Alyssa Enneking,Attack,#,3.0
ITAS TRENTINO,Ilaria Batte,Dig,=,1.0
FUTURA GIOVANI BUSTO ARSIZIO,Alyssa Enneking,Serve,=,0.0
ITAS TRENTINO,Beatrice Molinaro,Serve,=,0.0
FUTURA GIOVANI BUSTO ARSIZIO,Chiara Landucci,Serve,-,0.0
ITAS TRENTINO,Dayana Kosareva,Reception,#,1.0
ITAS TRENTINO,Vittoria Prandi,Set,#,2.0
ITAS TRENTINO,Giulia Marconato,Attack,#,3.0
FUTURA GIOVANI BUSTO ARSIZIO,Alyssa Enneking,Dig,=,1.0
ITAS TRENTINO,Vittoria Prandi,Serve,-,0.0
FUTURA GIOVANI BUSTO ARSIZIO,Giada Cecchetto,Reception,#,1.0
FUTURA GIOVANI BUSTO ARSIZIO,Sofia Monza,Set,#,2.0
FUTURA GIOVANI BUSTO ARSIZIO,Elisa Zanette,Attack,#,3.0
ITAS TRENTINO,Dayana Kosareva,Block,=,0.0
FUTURA GIOVANI BUSTO ARSIZIO,Elisa Zanette,Serve,!,0.0
ITAS TRENTINO,Dayana Kosareva,Reception,!,1.0
ITAS TRENTINO,Vittoria Prandi,Set,#,2.0
ITAS TRENTINO,Dayana Kosareva,Attack,!,3.0
FUTURA GIOVANI BUSTO ARSIZIO,Sofia Monza,Block,!,0.0
ITAS TRENTINO,Dayana Kosareva,Dig,!,1.0
FUTURA GIOVANI BUSTO ARSIZIO,Sofia Rebora,Attack,-,3.0
ITAS TRENTINO,Dominika Giuliani,Dig,+,1.0
ITAS TRENTINO,Vittoria Prandi,Set,#,2.0
ITAS TRENTINO,Dayana Kosareva,Attack,!,3.0
FUTURA GIOVANI BUSTO ARSIZIO,Alyssa Enneking,Dig,/,1.0
ITAS TRENTINO,Giulia Marconato,Freeball,+,1.0
ITAS TRENTINO,Vittoria Prandi,Set,#,2.0
ITAS TRENTINO,Emilia Weske,Attack,+,3.0
FUTURA GIOVANI BUSTO ARSIZIO,Giada Cecchetto,Dig,-,1.0
FUTURA GIOVANI BUSTO ARSIZIO,Sofia Monza,Set,#,2.0
FUTURA GIOVANI BUSTO ARSIZIO,Alyssa Enneking,Attack,+,3.0
ITAS TRENTINO,Silvia Fiori,Dig,-,1.0
ITAS TRENTINO,Dominika Giuliani,Set,#,2.0
ITAS TRENTINO,Dayana Kosareva,Attack,+,3.0
FUTURA GIOVANI BUSTO ARSIZIO,Alyssa Enneking,Dig,-,1.0
FUTURA GIOVANI BUSTO ARSIZIO,Sofia Monza,Set,#,2.0
FUTURA GIOVANI BUSTO ARSIZIO,Barbara Zakoscielna,Attack,/,3.0
ITAS TRENTINO,Giulia Marconato,Block,#,0.0
ITAS TRENTINO,Dayana Kosareva,Serve,+,0.0
FUTURA GIOVANI BUSTO ARSIZIO,Barbara Zakoscielna,Reception,-,1.0
FUTURA GIOVANI BUSTO ARSIZIO,Sofia Monza,Set,#,2.0
FUTURA GIOVANI BUSTO ARSIZIO,Barbara Zakoscielna,Attack,#,3.0
ITAS TRENTINO,Emilia Weske,Block,=,0.0
FUTURA GIOVANI BUSTO ARSIZIO,Barbara Zakoscielna,Serve,/,0.0
ITAS TRENTINO,Dominika Giuliani,Reception,/,1.0
FUTURA GIOVANI BUSTO ARSIZIO,Sofia Monza,Attack,#,3.0
FUTURA GIOVANI BUSTO ARSIZIO,Barbara Zakoscielna,Serve,-,0.0
ITAS TRENTINO,Silvia Fiori,Reception,+,1.0
ITAS TRENTINO,Vittoria Prandi,Set,#,2.0
ITAS TRENTINO,Giulia Marconato,Attack,!,3.0
FUTURA GIOVANI BUSTO ARSIZIO,Sofia Rebora,Block,!,0.0
ITAS TRENTINO,Dayana Kosareva,Dig,!,1.0
ITAS TRENTINO,Vittoria Prandi,Set,#,2.0
ITAS TRENTINO,Emilia Weske,Attack,#,3.0
FUTURA GIOVANI BUSTO ARSIZIO,Sofia Rebora,Block,=,0.0
ITAS TRENTINO,Giulia Marconato,Serve,!,0.0
FUTURA GIOVANI BUSTO ARSIZIO,Barbara Zakoscielna,Reception,!,1.0
FUTURA GIOVANI BUSTO ARSIZIO,Sofia Monza,Set,#,2.0
FUTURA GIOVANI BUSTO ARSIZIO,Alyssa Enneking,Attack,-,3.0
ITAS TRENTINO,Beatrice Molinaro,Block,+,0.0
ITAS TRENTINO,Dominika Giuliani,Dig,+,1.0
ITAS TRENTINO,Vittoria Prandi,Set,#,2.0
ITAS TRENTINO,Dominika Giuliani,Attack,#,3.0
FUTURA GIOVANI BUSTO ARSIZIO,Sofia Rebora,Block,=,0.0
ITAS TRENTINO,Giulia Marconato,Serve,/,0.0
FUTURA GIOVANI BUSTO ARSIZIO,Barbara Zakoscielna,Reception,/,1.0
ITAS TRENTINO,Dominika Giuliani,Freeball,+,1.0
ITAS TRENTINO,Vittoria Prandi,Set,#,2.0
ITAS TRENTINO,Beatrice Molinaro,Attack,-,3.0
FUTURA GIOVANI BUSTO ARSIZIO,Giada Cecchetto,Dig,+,1.0
FUTURA GIOVANI BUSTO ARSIZIO,Sofia Monza,Set,#,2.0
FUTURA GIOVANI BUSTO ARSIZIO,Sofia Rebora,Attack,-,3.0
ITAS TRENTINO,Giulia Marconato,Dig,+,1.0
ITAS TRENTINO,Vittoria Prandi,Set,#,2.0
ITAS TRENTINO,Dominika Giuliani,Attack,-,3.0
FUTURA GIOVANI BUSTO ARSIZIO,Giada Cecchetto,Dig,+,1.0
FUTURA GIOVANI BUSTO ARSIZIO,Sofia Monza,Set,#,2.0
FUTURA GIOVANI BUSTO ARSIZIO,Alyssa Enneking,Attack,#,3.0
ITAS TRENTINO,Vittoria Prandi,Dig,=,1.0
FUTURA GIOVANI BUSTO ARSIZIO,Sofia Rebora,Serve,=,0.0
ITAS TRENTINO,Emilia Weske,Serve,-,0.0
FUTURA GIOVANI BUSTO ARSIZIO,Giada Cecchetto,Reception,#,1.0
FUTURA GIOVANI BUSTO ARSIZIO,Sofia Monza,Set,#,2.0
FUTURA GIOVANI BUSTO ARSIZIO,Chiara Landucci,Attack,#,3.0
FUTURA GIOVANI BUSTO ARSIZIO,Sofia Monza,Serve,-,0.0
ITAS TRENTINO,Dayana Kosareva,Reception,#,1.0
ITAS TRENTINO,Vittoria Prandi,Set,#,2.0
ITAS TRENTINO,Beatrice Molinaro,Attack,#,3.0
FUTURA GIOVANI BUSTO ARSIZIO,Alyssa Enneking,Block,=,0.0
ITAS TRENTINO,Dominika Giuliani,Serve,+,0.0
FUTURA GIOVANI BUSTO ARSIZIO,Alyssa Enneking,Reception,-,1.0
FUTURA GIOVANI BUSTO ARSIZIO,Sofia Monza,Set,#,2.0
FUTURA GIOVANI BUSTO ARSIZIO,Elisa Zanette,Attack,!,3.0
ITAS TRENTINO,Dayana Kosareva,Dig,/,1.0
FUTURA GIOVANI BUSTO ARSIZIO,Chiara Landucci,Freeball,+,1.0
FUTURA GIOVANI BUSTO ARSIZIO,Sofia Monza,Set,#,2.0
FUTURA GIOVANI BUSTO ARSIZIO,Chiara Landucci,Attack,-,3.0
ITAS TRENTINO,Emilia Weske,Dig,+,1.0
ITAS TRENTINO,Vittoria Prandi,Set,#,2.0
ITAS TRENTINO,Dayana Kosareva,Attack,-,3.0
FUTURA GIOVANI BUSTO ARSIZIO,Giada Cecchetto,Dig,+,1.0
FUTURA GIOVANI BUSTO ARSIZIO,Elisa Zanette,Set,#,2.0
FUTURA GIOVANI BUSTO ARSIZIO,Alyssa Enneking,Attack,/,3.0
ITAS TRENTINO,Beatrice Molinaro,Block,#,0.0
ITAS TRENTINO,Dominika Giuliani,Serve,+,0.0
FUTURA GIOVANI BUSTO ARSIZIO,Alyssa Enneking,Reception,-,1.0
FUTURA GIOVANI BUSTO ARSIZIO,Sofia Monza,Set,#,2.0
FUTURA GIOVANI BUSTO ARSIZIO,Elisa Zanette,Attack,-,3.0
ITAS TRENTINO,Dayana Kosareva,Dig,+,1.0
ITAS TRENTINO,Vittoria Prandi,Set,#,2.0
ITAS TRENTINO,Beatrice Molinaro,Attack,-,3.0
FUTURA GIOVANI BUSTO ARSIZIO,Chiara Landucci,Block,+,0.0
FUTURA GIOVANI BUSTO ARSIZIO,Sofia Monza,Dig,+,1.0
FUTURA GIOVANI BUSTO ARSIZIO,Giada Cecchetto,Set,#,2.0
FUTURA GIOVANI BUSTO ARSIZIO,Alyssa Enneking,Attack,#,3.0
FUTURA GIOVANI BUSTO ARSIZIO,Alyssa Enneking,Serve,-,0.0
ITAS TRENTINO,Silvia Fiori,Reception,#,1.0
ITAS TRENTINO,Vittoria Prandi,Set,#,2.0
ITAS TRENTINO,Beatrice Molinaro,Attack,!,3.0
FUTURA GIOVANI BUSTO ARSIZIO,Barbara Zakoscielna,Block,!,0.0
ITAS TRENTINO,Dominika Giuliani,Dig,!,1.0
ITAS TRENTINO,Vittoria Prandi,Set,#,2.0
ITAS TRENTINO,Emilia Weske,Attack,-,3.0
FUTURA GIOVANI BUSTO ARSIZIO,Elisa Zanette,Dig,+,1.0
FUTURA GIOVANI BUSTO ARSIZIO,Sofia Monza,Set,#,2.0
FUTURA GIOVANI BUSTO ARSIZIO,Barbara Zakoscielna,Attack,#,3.0
ITAS TRENTINO,Beatrice Molinaro,Block,=,0.0
FUTURA GIOVANI BUSTO ARSIZIO,Alyssa Enneking,Serve,-,0.0
ITAS TRENTINO,Silvia Fiori,Reception,+,1.0
ITAS TRENTINO,Vittoria Prandi,Set,#,2.0
ITAS TRENTINO,Beatrice Molinaro,Attack,#,3.0
FUTURA GIOVANI BUSTO ARSIZIO,Barbara Zakoscielna,Block,=,0.0
ITAS TRENTINO,Beatrice Molinaro,Serve,+,0.0
FUTURA GIOVANI BUSTO ARSIZIO,Giada Cecchetto,Reception,-,1.0
FUTURA GIOVANI BUSTO ARSIZIO,Alyssa Enneking,Set,#,2.0
FUTURA GIOVANI BUSTO ARSIZIO,Barbara Zakoscielna,Attack,#,3.0
ITAS TRENTINO,Giulia Marconato,Block,=,0.0
FUTURA GIOVANI BUSTO ARSIZIO,Chiara Landucci,Serve,-,0.0
ITAS TRENTINO,Dominika Giuliani,Reception,+,1.0
ITAS TRENTINO,Vittoria Prandi,Set,#,2.0
ITAS TRENTINO,Giulia Marconato,Attack,#,3.0
FUTURA GIOVANI BUSTO ARSIZIO,Elisa Zanette,Dig,=,1.0
ITAS TRENTINO,Vittoria Prandi,Serve,-,0.0
FUTURA GIOVANI BUSTO ARSIZIO,Giada Cecchetto,Reception,#,1.0
FUTURA GIOVANI BUSTO ARSIZIO,Sofia Monza,Set,#,2.0
FUTURA GIOVANI BUSTO ARSIZIO,Sofia Rebora,Attack,#,3.0
FUTURA GIOVANI BUSTO ARSIZIO,Elisa Zanette,Serve,-,0.0
ITAS TRENTINO,Dayana Kosareva,Reception,+,1.0
ITAS TRENTINO,Vittoria Prandi,Set,#,2.0
ITAS TRENTINO,Dayana Kosareva,Attack,/,3.0
FUTURA GIOVANI BUSTO ARSIZIO,Sofia Monza,Block,#,0.0
FUTURA GIOVANI BUSTO ARSIZIO,Elisa Zanette,Serve,-,0.0
ITAS TRENTINO,Dominika Giuliani,Reception,#,1.0
ITAS TRENTINO,Vittoria Prandi,Set,#,2.0
ITAS TRENTINO,Emilia Weske,Attack,/,3.0
FUTURA GIOVANI BUSTO ARSIZIO,Barbara Zakoscielna,Block,#,0.0
FUTURA GIOVANI BUSTO ARSIZIO,Elisa Zanette,Serve,!,0.0
ITAS TRENTINO,Dayana Kosareva,Reception,!,1.0
ITAS TRENTINO,Vittoria Prandi,Set,#,2.0
ITAS TRENTINO,Dominika Giuliani,Attack,!,3.0
FUTURA GIOVANI BUSTO ARSIZIO,Sofia Rebora,Block,!,0.0
ITAS TRENTINO,Vittoria Prandi,Dig,!,1.0
ITAS TRENTINO,Silvia Fiori,Set,#,2.0
ITAS TRENTINO,Dayana Kosareva,Attack,-,3.0
FUTURA GIOVANI BUSTO ARSIZIO,Barbara Zakoscielna,Dig,+,1.0
FUTURA GIOVANI BUSTO ARSIZIO,Sofia Monza,Set,#,2.0
FUTURA GIOVANI BUSTO ARSIZIO,Elisa Zanette,Attack,!,3.0
ITAS TRENTINO,Giulia Marconato,Block,!,0.0
FUTURA GIOVANI BUSTO ARSIZIO,Sofia Rebora,Dig,!,1.0
FUTURA GIOVANI BUSTO ARSIZIO,Alyssa Enneking,Set,#,2.0
FUTURA GIOVANI BUSTO ARSIZIO,Barbara Zakoscielna,Attack,#,3.0
FUTURA GIOVANI BUSTO ARSIZIO,Elisa Zanette,Serve,=,0.0
ITAS TRENTINO,Dayana Kosareva,Serve,!,0.0
FUTURA GIOVANI BUSTO ARSIZIO,Barbara Zakoscielna,Reception,!,1.0
FUTURA GIOVANI BUSTO ARSIZIO,Sofia Monza,Set,#,2.0
FUTURA GIOVANI BUSTO ARSIZIO,Elisa Zanette,Attack,+,3.0
ITAS TRENTINO,Silvia Fiori,Dig,-,1.0
ITAS TRENTINO,Dayana Kosareva,Set,#,2.0
ITAS TRENTINO,Dominika Giuliani,Attack,-,3.0
FUTURA GIOVANI BUSTO ARSIZIO,Giada Cecchetto,Dig,+,1.0
FUTURA GIOVANI BUSTO ARSIZIO,Sofia Monza,Set,#,2.0
FUTURA GIOVANI BUSTO ARSIZIO,Elisa Zanette,Attack,-,3.0
ITAS TRENTINO,Giulia Marconato,Block,+,0.0
ITAS TRENTINO,Dayana Kosareva,Dig,+,1.0
ITAS TRENTINO,Vittoria Prandi,Set,#,2.0
ITAS TRENTINO,Giulia Marconato,Attack,#,3.0
FUTURA GIOVANI BUSTO ARSIZIO,Sofia Rebora,Block,=,0.0
ITAS TRENTINO,Dayana Kosareva,Serve,-,0.0
FUTURA GIOVANI BUSTO ARSIZIO,Giada Cecchetto,Reception,+,1.0
FUTURA GIOVANI BUSTO ARSIZIO,Sofia Monza,Set,#,2.0
FUTURA GIOVANI BUSTO ARSIZIO,Sofia Rebora,Attack,!,3.0
ITAS TRENTINO,Silvia Fiori,Dig,/,1.0
FUTURA GIOVANI BUSTO ARSIZIO,Giada Cecchetto,Freeball,+,1.0
FUTURA GIOVANI BUSTO ARSIZIO,Sofia Monza,Set,#,2.0
FUTURA GIOVANI BUSTO ARSIZIO,Sofia Rebora,Attack,-,3.0
ITAS TRENTINO,Vittoria Prandi,Dig,+,1.0
ITAS TRENTINO,Giulia Marconato,Set,#,2.0
ITAS TRENTINO,Emilia Weske,Attack,#,3.0
ITAS TRENTINO,Dayana Kosareva,Serve,-,0.0
FUTURA GIOVANI BUSTO ARSIZIO,Giada Cecchetto,Reception,#,1.0
FUTURA GIOVANI BUSTO ARSIZIO,Sofia Monza,Set,#,2.0
FUTURA GIOVANI BUSTO ARSIZIO,Alyssa Enneking,Attack,#,3.0
ITAS TRENTINO,Giulia Marconato,Block,=,0.0
ITAS TRENTINO,Emilia Weske,Dig,=,1.0
FUTURA GIOVANI BUSTO ARSIZIO,Barbara Zakoscielna,Serve,-,0.0
ITAS TRENTINO,Silvia Fiori,Reception,#,1.0
ITAS TRENTINO,Vittoria Prandi,Set,#,2.0
ITAS TRENTINO,Dominika Giuliani,Attack,#,3.0
ITAS TRENTINO,Giulia Marconato,Serve,#,0.0
FUTURA GIOVANI BUSTO ARSIZIO,Barbara Zakoscielna,Reception,=,1.0
ITAS TRENTINO,Giulia Marconato,Serve,-,0.0
FUTURA GIOVANI BUSTO ARSIZIO,Giada Cecchetto,Reception,#,1.0
FUTURA GIOVANI BUSTO ARSIZIO,Sofia Monza,Set,#,2.0
FUTURA GIOVANI BUSTO ARSIZIO,Alyssa Enneking,Attack,#,3.0
FUTURA GIOVANI BUSTO ARSIZIO,Sofia Rebora,Serve,/,0.0
ITAS TRENTINO,Dayana Kosareva,Reception,/,1.0
FUTURA GIOVANI BUSTO ARSIZIO,Alyssa Enneking,Attack,#,3.0
FUTURA GIOVANI BUSTO ARSIZIO,Sofia Rebora,Serve,-,0.0
ITAS TRENTINO,Dayana Kosareva,Reception,+,1.0
ITAS TRENTINO,Vittoria Prandi,Set,#,2.0
ITAS TRENTINO,Dominika Giuliani,Attack,-,3.0
FUTURA GIOVANI BUSTO ARSIZIO,Chiara Landucci,Block,+,0.0
FUTURA GIOVANI BUSTO ARSIZIO,Barbara Zakoscielna,Dig,+,1.0
FUTURA GIOVANI BUSTO ARSIZIO,Elisa Zanette,Set,#,2.0
FUTURA GIOVANI BUSTO ARSIZIO,Alyssa Enneking,Attack,#,3.0
ITAS TRENTINO,Silvia Fiori,Dig,=,1.0
FUTURA GIOVANI BUSTO ARSIZIO,Sofia Rebora,Serve,-,0.0
ITAS TRENTINO,Silvia Fiori,Reception,+,1.0
ITAS TRENTINO,Vittoria Prandi,Set,#,2.0
ITAS TRENTINO,Beatrice Molinaro,Attack,-,3.0
FUTURA GIOVANI BUSTO ARSIZIO,Chiara Landucci,Block,+,0.0
FUTURA GIOVANI BUSTO ARSIZIO,Barbara Zakoscielna,Dig,+,1.0
FUTURA GIOVANI BUSTO ARSIZIO,Sofia Monza,Set,#,2.0
FUTURA GIOVANI BUSTO ARSIZIO,Alyssa Enneking,Attack,=,3.0
ITAS TRENTINO,Emilia Weske,Serve,-,0.0
FUTURA GIOVANI BUSTO ARSIZIO,Giada Cecchetto,Reception,+,1.0
FUTURA GIOVANI BUSTO ARSIZIO,Sofia Monza,Set,#,2.0
FUTURA GIOVANI BUSTO ARSIZIO,Alyssa Enneking,Attack,#,3.0
ITAS TRENTINO,Vittoria Prandi,Block,=,0.0
FUTURA GIOVANI BUSTO ARSIZIO,Sofia Monza,Serve,-,0.0
ITAS TRENTINO,Dominika Giuliani,Reception,+,1.0
ITAS TRENTINO,Vittoria Prandi,Set,#,2.0
ITAS TRENTINO,Emilia Weske,Attack,!,3.0
FUTURA GIOVANI BUSTO ARSIZIO,Chiara Landucci,Block,!,0.0
ITAS TRENTINO,Emilia Weske,Dig,!,1.0
ITAS TRENTINO,Vittoria Prandi,Attack,-,3.0
FUTURA GIOVANI BUSTO ARSIZIO,Chiara Landucci,Block,+,0.0
FUTURA GIOVANI BUSTO ARSIZIO,Giada Cecchetto,Dig,+,1.0
FUTURA GIOVANI BUSTO ARSIZIO,Sofia Monza,Set,#,2.0
FUTURA GIOVANI BUSTO ARSIZIO,Alyssa Enneking,Attack,#,3.0
FUTURA GIOVANI BUSTO ARSIZIO,Sofia Monza,Serve,-,0.0
ITAS TRENTINO,Dominika Giuliani,Reception,+,1.0
ITAS TRENTINO,Ilaria Batte,Set,#,2.0
ITAS TRENTINO,Teresa Bassi,Attack,#,3.0
ITAS TRENTINO,Virginia Ristori,Serve,-,0.0
FUTURA GIOVANI BUSTO ARSIZIO,Giada Cecchetto,Reception,#,1.0
FUTURA GIOVANI BUSTO ARSIZIO,Sofia Monza,Set,#,2.0
FUTURA GIOVANI BUSTO ARSIZIO,Chiara Landucci,Attack,#,3.0
FUTURA GIOVANI BUSTO ARSIZIO,Federica Baratella,Serve,=,0.0
ITAS TRENTINO,Beatrice Molinaro,Serve,-,0.0
FUTURA GIOVANI BUSTO ARSIZIO,Giada Cecchetto,Reception,#,1.0
FUTURA GIOVANI BUSTO ARSIZIO,Sofia Monza,Set,#,2.0
FUTURA GIOVANI BUSTO ARSIZIO,Chiara Landucci,Attack,/,3.0
ITAS TRENTINO,Giulia Marconato,Block,#,0.0
ITAS TRENTINO,Beatrice Molinaro,Serve,/,0.0
FUTURA GIOVANI BUSTO ARSIZIO,Barbara Zakoscielna,Reception,/,1.0
ITAS TRENTINO,Virginia Ristori,Freeball,+,1.0
ITAS TRENTINO,Ilaria Batte,Set,#,2.0
ITAS TRENTINO,Giulia Marconato,Attack,#,3.0
FUTURA GIOVANI BUSTO ARSIZIO,Giada Cecchetto,Dig,=,1.0
ITAS TRENTINO,Beatrice Molinaro,Serve,+,0.0
FUTURA GIOVANI BUSTO ARSIZIO,Giada Cecchetto,Reception,-,1.0
FUTURA GIOVANI BUSTO ARSIZIO,Sofia Monza,Set,#,2.0
FUTURA GIOVANI BUSTO ARSIZIO,Alyssa Enneking,Attack,-,3.0
ITAS TRENTINO,Virginia Ristori,Dig,+,1.0
ITAS TRENTINO,Ilaria Batte,Set,#,2.0
ITAS TRENTINO,Teresa Bassi,Attack,+,3.0
FUTURA GIOVANI BUSTO ARSIZIO,Barbara Zakoscielna,Block,-,0.0
FUTURA GIOVANI BUSTO ARSIZIO,Alyssa Enneking,Dig,-,1.0
FUTURA GIOVANI BUSTO ARSIZIO,Sofia Monza,Set,#,2.0
FUTURA GIOVANI BUSTO ARSIZIO,Barbara Zakoscielna,Attack,#,3.0
ITAS TRENTINO,Teresa Bassi,Block,=,0.0
FUTURA GIOVANI BUSTO ARSIZIO,Chiara Landucci,Serve,-,0.0
ITAS TRENTINO,Silvia Fiori,Reception,+,1.0
ITAS TRENTINO,Ilaria Batte,Set,#,2.0
ITAS TRENTINO,Dayana Kosareva,Attack,+,3.0
FUTURA GIOVANI BUSTO ARSIZIO,Sofia Rebora,Block,-,0.0
FUTURA GIOVANI BUSTO ARSIZIO,Chiara Landucci,Dig,-,1.0
FUTURA GIOVANI BUSTO ARSIZIO,Sofia Monza,Set,#,2.0
FUTURA GIOVANI BUSTO ARSIZIO,Barbara Zakoscielna,Attack,-,3.0
ITAS TRENTINO,Ilaria Batte,Dig,+,1.0
ITAS TRENTINO,Silvia Fiori,Set,#,2.0
FUTURA GIOVANI BUSTO ARSIZIO,Sofia Monza,Dig,/,1.0
ITAS TRENTINO,Giulia Marconato,Attack,-,3.0
FUTURA GIOVANI BUSTO ARSIZIO,Sofia Rebora,Block,+,0.0
FUTURA GIOVANI BUSTO ARSIZIO,Chiara Landucci,Dig,+,1.0
FUTURA GIOVANI BUSTO ARSIZIO,Sofia Monza,Set,#,2.0
FUTURA GIOVANI BUSTO ARSIZIO,Elisa Zanette,Attack,#,3.0
FUTURA GIOVANI BUSTO ARSIZIO,Chiara Landucci,Serve,!,0.0
ITAS TRENTINO,Virginia Ristori,Reception,!,1.0
ITAS TRENTINO,Ilaria Batte,Set,#,2.0
ITAS TRENTINO,Teresa Bassi,Attack,!,3.0
FUTURA GIOVANI BUSTO ARSIZIO,Barbara Zakoscielna,Block,!,0.0
FUTURA GIOVANI BUSTO ARSIZIO,Elisa Zanette,Dig,/,1.0
ITAS TRENTINO,Dayana Kosareva,Freeball,=,1.0
FUTURA GIOVANI BUSTO ARSIZIO,Chiara Landucci,Serve,-,0.0
ITAS TRENTINO,Dayana Kosareva,Reception,+,1.0
ITAS TRENTINO,Ilaria Batte,Set,#,2.0
ITAS TRENTINO,Giulia Marconato,Attack,=,3.0
FUTURA GIOVANI BUSTO ARSIZIO,Chiara Landucci,Serve,=,0.0
ITAS TRENTINO,Vittoria Prandi,Serve,-,0.0
FUTURA GIOVANI BUSTO ARSIZIO,Alyssa Enneking,Reception,+,1.0
FUTURA GIOVANI BUSTO ARSIZIO,Sofia Monza,Set,#,2.0
FUTURA GIOVANI BUSTO ARSIZIO,Elisa Zanette,Attack,=,3.0
ITAS TRENTINO,Vittoria Prandi,Serve,-,0.0
FUTURA GIOVANI BUSTO ARSIZIO,Barbara Zakoscielna,Reception,#,1.0
FUTURA GIOVANI BUSTO ARSIZIO,Sofia Monza,Set,#,2.0
FUTURA GIOVANI BUSTO ARSIZIO,Alyssa Enneking,Attack,!,3.0
ITAS TRENTINO,Silvia Fiori,Dig,/,1.0
FUTURA GIOVANI BUSTO ARSIZIO,Elisa Zanette,Freeball,+,1.0
FUTURA GIOVANI BUSTO ARSIZIO,Sofia Monza,Set,#,2.0
FUTURA GIOVANI BUSTO ARSIZIO,Alyssa Enneking,Attack,#,3.0
ITAS TRENTINO,Giulia Marconato,Block,=,0.0
FUTURA GIOVANI BUSTO ARSIZIO,Alyssa Enneking,Serve,-,0.0
ITAS TRENTINO,Silvia Fiori,Reception,#,1.0
ITAS TRENTINO,Vittoria Prandi,Set,#,2.0
ITAS TRENTINO,Dayana Kosareva,Attack,/,3.0
FUTURA GIOVANI BUSTO ARSIZIO,Chiara Landucci,Block,#,0.0
FUTURA GIOVANI BUSTO ARSIZIO,Alyssa Enneking,Serve,!,0.0
ITAS TRENTINO,Dominika Giuliani,Reception,!,1.0
ITAS TRENTINO,Vittoria Prandi,Set,#,2.0
ITAS TRENTINO,Emilia Weske,Attack,!,3.0
FUTURA GIOVANI BUSTO ARSIZIO,Barbara Zakoscielna,Block,!,0.0
ITAS TRENTINO,Emilia Weske,Dig,!,1.0
ITAS TRENTINO,Vittoria Prandi,Set,#,2.0
ITAS TRENTINO,Dayana Kosareva,Attack,#,3.0
FUTURA GIOVANI BUSTO ARSIZIO,Chiara Landucci,Block,=,0.0
ITAS TRENTINO,Dayana Kosareva,Serve,-,0.0
FUTURA GIOVANI BUSTO ARSIZIO,Giada Cecchetto,Reception,#,1.0
FUTURA GIOVANI BUSTO ARSIZIO,Sofia Monza,Set,#,2.0
FUTURA GIOVANI BUSTO ARSIZIO,Elisa Zanette,Attack,-,3.0
ITAS TRENTINO,Dominika Giuliani,Block,+,0.0
ITAS TRENTINO,Dayana Kosareva,Dig,+,1.0
ITAS TRENTINO,Vittoria Prandi,Set,#,2.0
ITAS TRENTINO,Dominika Giuliani,Attack,!,3.0
FUTURA GIOVANI BUSTO ARSIZIO,Chiara Landucci,Block,!,0.0
ITAS TRENTINO,Silvia Fiori,Set,#,2.0
ITAS TRENTINO,Dominika Giuliani,Attack,-,3.0
FUTURA GIOVANI BUSTO ARSIZIO,Giada Cecchetto,Dig,+,1.0
FUTURA GIOVANI BUSTO ARSIZIO,Sofia Monza,Set,#,2.0
FUTURA GIOVANI BUSTO ARSIZIO,Alyssa Enneking,Attack,-,3.0
ITAS TRENTINO,Dayana Kosareva,Dig,+,1.0
ITAS TRENTINO,Vittoria Prandi,Set,#,2.0
ITAS TRENTINO,Emilia Weske,Attack,#,3.0
FUTURA GIOVANI BUSTO ARSIZIO,Barbara Zakoscielna,Block,=,0.0
ITAS TRENTINO,Dayana Kosareva,Serve,-,0.0
FUTURA GIOVANI BUSTO ARSIZIO,Giada Cecchetto,Reception,+,1.0
FUTURA GIOVANI BUSTO ARSIZIO,Sofia Monza,Set,#,2.0
FUTURA GIOVANI BUSTO ARSIZIO,Elisa Zanette,Attack,+,3.0
ITAS TRENTINO,Silvia Fiori,Dig,-,1.0
ITAS TRENTINO,Vittoria Prandi,Set,#,2.0
ITAS TRENTINO,Dominika Giuliani,Attack,+,3.0
FUTURA GIOVANI BUSTO ARSIZIO,Elisa Zanette,Block,-,0.0
FUTURA GIOVANI BUSTO ARSIZIO,Sofia Monza,Dig,-,1.0
FUTURA GIOVANI BUSTO ARSIZIO,Giada Cecchetto,Set,#,2.0
FUTURA GIOVANI BUSTO ARSIZIO,Barbara Zakoscielna,Attack,-,3.0
ITAS TRENTINO,Silvia Fiori,Dig,+,1.0
ITAS TRENTINO,Vittoria Prandi,Set,#,2.0
ITAS TRENTINO,Emilia Weske,Attack,#,3.0
FUTURA GIOVANI BUSTO ARSIZIO,Giada Cecchetto,Dig,=,1.0
ITAS TRENTINO,Dayana Kosareva,Serve,!,0.0
FUTURA GIOVANI BUSTO ARSIZIO,Barbara Zakoscielna,Reception,!,1.0
FUTURA GIOVANI BUSTO ARSIZIO,Sofia Monza,Set,#,2.0
FUTURA GIOVANI BUSTO ARSIZIO,Alyssa Enneking,Attack,#,3.0
ITAS TRENTINO,Silvia Fiori,Dig,=,1.0
FUTURA GIOVANI BUSTO ARSIZIO,Chiara Landucci,Serve,#,0.0
ITAS TRENTINO,Silvia Fiori,Reception,=,1.0
FUTURA GIOVANI BUSTO ARSIZIO,Chiara Landucci,Serve,!,0.0
ITAS TRENTINO,Dominika Giuliani,Reception,!,1.0
ITAS TRENTINO,Vittoria Prandi,Set,#,2.0
ITAS TRENTINO,Emilia Weske,Attack,!,3.0
FUTURA GIOVANI BUSTO ARSIZIO,Barbara Zakoscielna,Block,!,0.0
ITAS TRENTINO,Dominika Giuliani,Dig,!,1.0
ITAS TRENTINO,Vittoria Prandi,Set,#,2.0
ITAS TRENTINO,Emilia Weske,Attack,-,3.0
FUTURA GIOVANI BUSTO ARSIZIO,Alyssa Enneking,Dig,+,1.0
FUTURA GIOVANI BUSTO ARSIZIO,Sofia Monza,Set,#,2.0
FUTURA GIOVANI BUSTO ARSIZIO,Alyssa Enneking,Attack,+,3.0
ITAS TRENTINO,Giulia Marconato,Block,-,0.0
ITAS TRENTINO,Silvia Fiori,Dig,-,1.0
ITAS TRENTINO,Vittoria Prandi,Set,#,2.0
ITAS TRENTINO,Dominika Giuliani,Attack,+,3.0
FUTURA GIOVANI BUSTO ARSIZIO,Barbara Zakoscielna,Dig,-,1.0
FUTURA GIOVANI BUSTO ARSIZIO,Alyssa Enneking,Set,#,2.0
FUTURA GIOVANI BUSTO ARSIZIO,Barbara Zakoscielna,Attack,#,3.0
ITAS TRENTINO,Silvia Fiori,Dig,=,1.0
FUTURA GIOVANI BUSTO ARSIZIO,Chiara Landucci,Serve,=,0.0
ITAS TRENTINO,Giulia Marconato,Serve,=,0.0
FUTURA GIOVANI BUSTO ARSIZIO,Elisa Zanette,Serve,-,0.0
ITAS TRENTINO,Silvia Fiori,Reception,+,1.0
ITAS TRENTINO,Vittoria Prandi,Set,#,2.0
ITAS TRENTINO,Dominika Giuliani,Attack,#,3.0
FUTURA GIOVANI BUSTO ARSIZIO,Elisa Zanette,Dig,=,1.0
ITAS TRENTINO,Emilia Weske,Serve,!,0.0
FUTURA GIOVANI BUSTO ARSIZIO,Giada Cecchetto,Reception,!,1.0
FUTURA GIOVANI BUSTO ARSIZIO,Sofia Monza,Set,#,2.0
FUTURA GIOVANI BUSTO ARSIZIO,Alyssa Enneking,Attack,#,3.0
FUTURA GIOVANI BUSTO ARSIZIO,Barbara Zakoscielna,Serve,-,0.0
ITAS TRENTINO,Dominika Giuliani,Reception,#,1.0
ITAS TRENTINO,Vittoria Prandi,Set,#,2.0
ITAS TRENTINO,Vittoria Prandi,Attack,!,3.0
FUTURA GIOVANI BUSTO ARSIZIO,Sofia Rebora,Block,!,0.0
ITAS TRENTINO,Dayana Kosareva,Dig,/,1.0
FUTURA GIOVANI BUSTO ARSIZIO,Barbara Zakoscielna,Freeball,+,1.0
FUTURA GIOVANI BUSTO ARSIZIO,Giada Cecchetto,Set,#,2.0
FUTURA GIOVANI BUSTO ARSIZIO,Elisa Zanette,Attack,-,3.0
ITAS TRENTINO,Silvia Fiori,Dig,+,1.0
ITAS TRENTINO,Vittoria Prandi,Set,#,2.0
ITAS TRENTINO,Dominika Giuliani,Attack,-,3.0
FUTURA GIOVANI BUSTO ARSIZIO,Elisa Zanette,Dig,+,1.0
FUTURA GIOVANI BUSTO ARSIZIO,Sofia Monza,Attack,-,3.0
ITAS TRENTINO,Vittoria Prandi,Dig,+,1.0
ITAS TRENTINO,Dayana Kosareva,Set,#,2.0
ITAS TRENTINO,Dominika Giuliani,Attack,!,3.0
FUTURA GIOVANI BUSTO ARSIZIO,Sofia Rebora,Block,!,0.0
ITAS TRENTINO,Beatrice Molinaro,Dig,!,1.0
ITAS TRENTINO,Silvia Fiori,Set,#,2.0
ITAS TRENTINO,Emilia Weske,Attack,=,3.0
FUTURA GIOVANI BUSTO ARSIZIO,Barbara Zakoscielna,Serve,-,0.0
ITAS TRENTINO,Dominika Giuliani,Reception,+,1.0
ITAS TRENTINO,Vittoria Prandi,Set,#,2.0
ITAS TRENTINO,Beatrice Molinaro,Attack,#,3.0
FUTURA GIOVANI BUSTO ARSIZIO,Elisa Zanette,Dig,=,1.0
ITAS TRENTINO,Virginia Ristori,Serve,+,0.0
FUTURA GIOVANI BUSTO ARSIZIO,Alyssa Enneking,Reception,-,1.0
FUTURA GIOVANI BUSTO ARSIZIO,Sofia Monza,Set,#,2.0
FUTURA GIOVANI BUSTO ARSIZIO,Alyssa Enneking,Attack,#,3.0
ITAS TRENTINO,Vittoria Prandi,Block,=,0.0
FUTURA GIOVANI BUSTO ARSIZIO,Sofia Rebora,Serve,-,0.0
ITAS TRENTINO,Silvia Fiori,Reception,+,1.0
ITAS TRENTINO,Vittoria Prandi,Set,#,2.0
ITAS TRENTINO,Dayana Kosareva,Attack,#,3.0
FUTURA GIOVANI BUSTO ARSIZIO,Elisa Zanette,Dig,=,1.0
ITAS TRENTINO,Beatrice Molinaro,Serve,-,0.0
FUTURA GIOVANI BUSTO ARSIZIO,Alyssa Enneking,Reception,+,1.0
FUTURA GIOVANI BUSTO ARSIZIO,Sofia Monza,Set,#,2.0
FUTURA GIOVANI BUSTO ARSIZIO,Alyssa Enneking,Attack,#,3.0
FUTURA GIOVANI BUSTO ARSIZIO,Sofia Monza,Serve,-,0.0
ITAS TRENTINO,Dayana Kosareva,Reception,+,1.0
ITAS TRENTINO,Vittoria Prandi,Set,#,2.0
ITAS TRENTINO,Dayana Kosareva,Attack,!,3.0
FUTURA GIOVANI BUSTO ARSIZIO,Chiara Landucci,Block,!,0.0
ITAS TRENTINO,Vittoria Prandi,Dig,!,1.0
ITAS TRENTINO,Silvia Fiori,Set,#,2.0
ITAS TRENTINO,Dayana Kosareva,Attack,=,3.0
FUTURA GIOVANI BUSTO ARSIZIO,Sofia Monza,Serve,-,0.0
ITAS TRENTINO,Virginia Ristori,Reception,#,1.0
ITAS TRENTINO,Vittoria Prandi,Set,#,2.0
ITAS TRENTINO,Giulia Marconato,Attack,#,3.0
FUTURA GIOVANI BUSTO ARSIZIO,Alyssa Enneking,Block,=,0.0
ITAS TRENTINO,Vittoria Prandi,Serve,-,0.0
FUTURA GIOVANI BUSTO ARSIZIO,Giada Cecchetto,Reception,#,1.0
FUTURA GIOVANI BUSTO ARSIZIO,Sofia Monza,Set,#,2.0
FUTURA GIOVANI BUSTO ARSIZIO,Chiara Landucci,Attack,-,3.0
ITAS TRENTINO,Silvia Fiori,Dig,+,1.0
ITAS TRENTINO,Vittoria Prandi,Set,#,2.0
ITAS TRENTINO,Emilia Weske,Attack,#,3.0
ITAS TRENTINO,Vittoria Prandi,Serve,!,0.0
FUTURA GIOVANI BUSTO ARSIZIO,Alyssa Enneking,Reception,!,1.0
FUTURA GIOVANI BUSTO ARSIZIO,Sofia Monza,Set,#,2.0
FUTURA GIOVANI BUSTO ARSIZIO,Alyssa Enneking,Attack,=,3.0
ITAS TRENTINO,Vittoria Prandi,Serve,=,0.0
FUTURA GIOVANI BUSTO ARSIZIO,Alyssa Enneking,Serve,-,0.0
ITAS TRENTINO,Virginia Ristori,Reception,#,1.0
ITAS TRENTINO,Vittoria Prandi,Set,#,2.0
ITAS TRENTINO,Dayana Kosareva,Attack,+,3.0
FUTURA GIOVANI BUSTO ARSIZIO,Chiara Landucci,Dig,-,1.0
FUTURA GIOVANI BUSTO ARSIZIO,Sofia Monza,Set,#,2.0
FUTURA GIOVANI BUSTO ARSIZIO,Barbara Zakoscielna,Attack,=,3.0
ITAS TRENTINO,Dayana Kosareva,Serve,-,0.0
FUTURA GIOVANI BUSTO ARSIZIO,Giada Cecchetto,Reception,+,1.0
FUTURA GIOVANI BUSTO ARSIZIO,Sofia Monza,Set,#,2.0
FUTURA GIOVANI BUSTO ARSIZIO,Barbara Zakoscielna,Attack,!,3.0
ITAS TRENTINO,Emilia Weske,Block,!,0.0
FUTURA GIOVANI BUSTO ARSIZIO,Barbara Zakoscielna,Dig,!,1.0
FUTURA GIOVANI BUSTO ARSIZIO,Sofia Monza,Set,#,2.0
FUTURA GIOVANI BUSTO ARSIZIO,Barbara Zakoscielna,Attack,#,3.0
ITAS TRENTINO,Giulia Marconato,Block,=,0.0
FUTURA GIOVANI BUSTO ARSIZIO,Chiara Landucci,Serve,=,0.0
ITAS TRENTINO,Valeria Pizzolato,Serve,-,0.0
FUTURA GIOVANI BUSTO ARSIZIO,Barbara Zakoscielna,Reception,#,1.0
FUTURA GIOVANI BUSTO ARSIZIO,Sofia Monza,Set,#,2.0
FUTURA GIOVANI BUSTO ARSIZIO,Alyssa Enneking,Attack,!,3.0
ITAS TRENTINO,Dominika Giuliani,Block,!,0.0
ITAS TRENTINO,Valeria Pizzolato,Dig,/,1.0
FUTURA GIOVANI BUSTO ARSIZIO,Sofia Rebora,Attack,-,3.0
ITAS TRENTINO,Dayana Kosareva,Dig,+,1.0
ITAS TRENTINO,Vittoria Prandi,Set,#,2.0
ITAS TRENTINO,Dominika Giuliani,Attack,!,3.0
FUTURA GIOVANI BUSTO ARSIZIO,Elisa Zanette,Block,!,0.0
ITAS TRENTINO,Emilia Weske,Dig,+,1.0
ITAS TRENTINO,Beatrice Molinaro,Set,#,2.0
ITAS TRENTINO,Dominika Giuliani,Attack,/,3.0
FUTURA GIOVANI BUSTO ARSIZIO,Elisa Zanette,Block,#,0.0
FUTURA GIOVANI BUSTO ARSIZIO,Elisa Zanette,Serve,#,0.0
ITAS TRENTINO,Silvia Fiori,Reception,=,1.0
FUTURA GIOVANI BUSTO ARSIZIO,Elisa Zanette,Serve,-,0.0
ITAS TRENTINO,Silvia Fiori,Reception,+,1.0
ITAS TRENTINO,Vittoria Prandi,Set,#,2.0
ITAS TRENTINO,Emilia Weske,Attack,#,3.0
FUTURA GIOVANI BUSTO ARSIZIO,Barbara Zakoscielna,Block,=,0.0
ITAS TRENTINO,Emilia Weske,Serve,-,0.0
FUTURA GIOVANI BUSTO ARSIZIO,Alyssa Enneking,Reception,#,1.0
FUTURA GIOVANI BUSTO ARSIZIO,Sofia Monza,Set,#,2.0
FUTURA GIOVANI BUSTO ARSIZIO,Alyssa Enneking,Attack,#,3.0
