team,player_number,player_name,Total_WPA,Total_Touches,Good_Touches,Bad_Touches,Good_Touch_Pct,Bad_Touch_Pct,Serve_WPA,Serve_Touches,Reception_WPA,Reception_Touches,Set_WPA,Set_Touches,Attack_WPA,Attack_Touches,Block_WPA,Block_Touches,Dig_WPA,Dig_Touches,Freeball_WPA,Freeball_Touches
FUTURA GIOVANI BUSTO ARSIZIO,5,Sofia Monza,3.0356,170,106,64,62.3529,37.6471,-0.2633,14,0.0,0,2.8607,139,0.1563,2,0.0507,7,0.2313,8,0.0,0
FUTURA GIOVANI BUSTO ARSIZIO,8,Alyssa Enneking,2.2608,125,58,67,46.4,53.6,-0.551,11,-0.1537,25,-0.0158,3,3.0019,54,0.0288,14,-0.0493,18,0.0,0
FUTURA GIOVANI BUSTO ARSIZIO,1,Barbara Zakoscielna,2.0164,82,42,40,51.2195,48.7805,0.7619,11,-0.0027,17,0.0,0,1.1647,24,-0.1323,16,0.1976,12,0.0271,2
FUTURA GIOVANI BUSTO ARSIZIO,11,Chiara Landucci,0.9052,48,27,21,56.25,43.75,0.8584,17,0.0,0,0.0,0,-0.2263,11,0.2945,15,-0.0163,3,-0.005,2
FUTURA GIOVANI BUSTO ARSIZIO,3,Aurora Del Freo,0.053,2,2,0,100.0,0.0,0.0,0,0.0032,1,0.0,0,0.0,0,0.0,0,0.0498,1,0.0,0
FUTURA GIOVANI BUSTO ARSIZIO,10,Valentina Brandi,0.0358,6,2,4,33.3333,66.6667,0.0483,2,0.0,0,-0.0125,4,0.0,0,0.0,0,0.0,0,0.0,0
FUTURA GIOVANI BUSTO ARSIZIO,6,Giada Cecchetto,0.0202,84,42,42,50.0,50.0,0.0,0,0.1125,47,0.0817,8,0.0,0,0.0,0,-0.2881,25,0.1142,4
FUTURA GIOVANI BUSTO ARSIZIO,15,Sofia Rebora,0.0124,68,38,30,55.8824,44.1176,0.4781,19,0.0,0,-0.0368,1,-0.5962,19,0.1774,23,-0.0276,5,0.0175,1
FUTURA GIOVANI BUSTO ARSIZIO,14,Fatim Yassimina Kone,-0.1468,22,13,9,59.0909,40.9091,-0.041,4,0.0,0,-0.0701,1,-0.1799,7,0.1124,7,0.0229,2,0.0089,1
FUTURA GIOVANI BUSTO ARSIZIO,17,Federica Baratella,-0.456,7,2,5,28.5714,71.4286,-0.4807,4,-0.0128,2,0.0,0,0.0,0,0.0,0,0.0,0,0.0375,1
FUTURA GIOVANI BUSTO ARSIZIO,2,Bianca Orlandi,-0.899,26,10,16,38.4615,61.5385,0.032,4,-0.027,5,0.0161,1,-0.8601,11,0.0,0,-0.0601,5,0.0,0
FUTURA GIOVANI BUSTO ARSIZIO,9,Elisa Zanette,-2.9981,85,26,59,30.5882,69.4118,-0.2832,16,0.0,0,-0.0262,3,-2.7014,39,-0.1048,8,0.1516,15,-0.0341,4
ITAS TRENTINO,8,Giulia Marconato,4.1934,63,40,23,63.4921,36.5079,1.4848,19,0.0,0,-0.1176,2,2.3788,17,0.3847,20,0.0357,4,0.0269,1
ITAS TRENTINO,12,Beatrice Molinaro,1.7088,60,34,26,56.6667,43.3333,-0.3105,15,0.0,0,0.0084,5,1.7918,24,-0.0082,12,0.1481,3,0.0792,1
ITAS TRENTINO,10,Teresa Bassi,0.6849,7,4,3,57.1429,42.8571,0.0,0,0.0,0,0.0,0,0.5834,4,0.0207,2,0.0,0,0.0808,1
ITAS TRENTINO,11,Vittoria Prandi,0.5416,178,98,80,55.0562,44.9438,-0.8625,14,0.0,0,0.524,127,0.6616,6,0.1633,11,0.0552,20,0.0,0
ITAS TRENTINO,3,Emilia Weske,0.4511,91,44,47,48.3516,51.6484,0.6504,17,0.0,0,-0.18,1,-0.261,49,0.1521,10,0.0725,11,0.0171,3
ITAS TRENTINO,9,Silvia Fiori,0.3319,68,31,37,45.5882,54.4118,0.0,0,-0.0021,23,0.3598,14,0.0,0,0.0,0,-0.131,29,0.1053,2
ITAS TRENTINO,5,Ilaria Batte,0.0209,13,5,8,38.4615,61.5385,0.0,0,0.0,0,0.0876,9,0.0,0,0.0,0,-0.0667,4,0.0,0
ITAS TRENTINO,17,Valeria Pizzolato,-0.1135,3,0,3,0.0,100.0,-0.1061,2,0.0,0,0.0,0,0.0,0,0.0,0,-0.0074,1,0.0,0
ITAS TRENTINO,1,Virginia Ristori,-0.1606,10,4,6,40.0,60.0,-0.0313,5,0.0252,3,0.0,0,0.0,0,0.0,0,-0.0348,1,-0.1197,1
ITAS TRENTINO,7,Aneta Zojzi,-0.5577,4,2,2,50.0,50.0,0.0,0,0.0,0,0.0,0,-0.6231,2,0.0348,1,0.0306,1,0.0,0
ITAS TRENTINO,13,Dominika Giuliani,-1.4951,115,51,64,44.3478,55.6522,-0.0868,12,0.0119,40,-0.0541,2,-1.4204,38,0.087,5,-0.0186,16,-0.0142,2
ITAS TRENTINO,18,Dayana Kosareva,-1.8715,117,44,73,37.6068,62.3932,0.2258,20,-0.0477,27,-0.5849,8,-1.1139,33,0.0186,4,-0.2287,21,-0.1406,4
